row_id,Minimum_of_Luminosity,Maximum_of_Luminosity,Length_of_Conveyer,Steel_Plate_Thickness,Edges_Index,Empty_Index,Square_Index,Outside_X_Index,class
0,94,119,1360,200,0.1294,0.4074,0.3333,0.0132,Other_Faults
1,43,119,1358,40,0.0574,0.5008,0.4124,0.1303,K_Scratch
2,118,140,1658,143,0.895,0.2045,0.3636,0.0066,Other_Faults
3,100,132,1354,70,0.0547,0.435,0.64,0.0118,Z_Scratch
4,120,140,1358,50,0.1723,0.3667,0.8333,0.0044,Stains
5,39,124,1358,40,0.0574,0.4657,0.3954,0.1267,K_Scratch
6,109,127,1358,40,0.0353,0.3917,0.1333,0.003,Dirtiness
7,115,134,1356,40,0.1873,0.5917,0.3333,0.0288,K_Scratch
8,98,135,1364,100,0.9164,0.399,0.1053,0.0073,Dirtiness
9,102,134,1362,80,0.4493,0.6756,0.72,0.0184,Bumps
10,93,127,1692,300,0.2967,0.563,0.5854,0.0142,Other_Faults
11,40,126,1358,40,0.0604,0.4486,0.4167,0.1237,K_Scratch
12,87,158,1692,70,0.0213,0.1818,0.1364,0.013,Other_Faults
13,118,141,1358,50,0.4212,0.2222,0.7778,0.0066,Other_Faults
14,31,141,1402,40,0.0556,0.5822,0.8389,0.1077,K_Scratch
15,164,205,1387,40,0.7599,0.2159,0.7273,0.0058,K_Scratch
16,118,174,1387,40,0.0058,0.2222,0.8,0.0087,K_Scratch
17,120,141,1364,100,0.3006,0.5556,0.3214,0.0205,Bumps
18,128,164,1387,40,0.1427,0.1795,0.6923,0.0065,K_Scratch
19,89,111,1354,70,0.223,0.4636,0.9091,0.0081,Z_Scratch
20,40,127,1358,40,0.0574,0.3855,0.3885,0.1156,K_Scratch
21,52,191,1690,70,0.3112,0.1569,0.0882,0.0201,Other_Faults
22,88,126,1646,69,0.4484,0.3992,0.3333,0.0055,Pastry
23,123,141,1360,50,0.8838,0.2857,0.4286,0.0052,Stains
24,103,132,1668,40,0.6763,0.4891,0.0591,0.1421,Other_Faults
25,39,126,1358,40,0.0604,0.5007,0.3842,0.1303,K_Scratch
26,97,127,1358,40,0.2371,0.5129,0.8182,0.0243,Other_Faults
27,95,118,1650,70,0.1673,0.3965,1.0,0.0079,Other_Faults
28,39,124,1360,40,0.0603,0.4063,0.343,0.1265,K_Scratch
29,127,151,1687,200,0.0,0.5366,0.3095,0.0077,Other_Faults
30,130,141,1352,40,0.7204,0.35,0.8,0.0074,Bumps
31,99,127,1687,70,0.7232,0.2593,1.0,0.0053,Other_Faults
32,77,110,1686,60,0.0024,0.359,0.5417,0.0077,Other_Faults
33,64,94,1658,80,0.0856,0.4141,0.6111,0.0066,Other_Faults
34,35,143,1402,40,0.0556,0.5647,0.8125,0.1113,K_Scratch
35,104,134,1362,40,0.3187,0.35,0.55,0.0081,Bumps
36,38,126,1358,40,0.0574,0.4286,0.3842,0.1303,K_Scratch
37,89,118,1362,80,0.442,0.5667,0.8333,0.0132,Bumps
38,117,134,1360,200,0.0662,0.5441,0.4706,0.0125,Other_Faults
39,121,140,1362,40,0.8399,0.3392,0.2791,0.0088,Bumps
40,76,109,1356,70,0.0428,0.4077,0.7692,0.0074,Z_Scratch
41,39,127,1356,40,0.0605,0.4362,0.3721,0.1268,K_Scratch
42,116,126,1358,50,0.7437,0.5735,0.2353,0.0125,Other_Faults
43,83,126,1362,50,0.0852,0.2591,0.55,0.0081,Bumps
44,97,124,1687,200,0.4967,0.254,0.2581,0.0047,Other_Faults
45,50,134,1687,150,0.7931,0.446,0.1136,0.0089,Pastry
46,78,132,1364,80,0.1906,0.6254,0.7143,0.011,Bumps
47,104,130,1362,120,0.1586,0.4167,0.5625,0.0066,Other_Faults
48,101,135,1358,40,0.3181,0.9275,0.4735,0.1664,Other_Faults
49,77,103,1686,211,0.1471,0.6458,0.25,0.0142,Bumps
50,41,127,1358,40,0.0604,0.4176,0.3765,0.1252,K_Scratch
51,36,117,1353,70,0.0,0.5636,0.2034,0.0089,Other_Faults
52,91,124,1626,70,0.2165,0.2346,1.0,0.0055,Bumps
53,102,124,1694,100,0.7167,0.1,0.8,0.0024,Other_Faults
54,38,124,1356,40,0.0605,0.4727,0.386,0.1261,Other_Faults
55,101,125,1630,120,0.8123,0.4063,0.25,0.0049,Other_Faults
56,39,140,1402,40,0.0585,0.5907,0.8909,0.1049,K_Scratch
57,82,116,1364,80,0.4018,0.6413,0.7143,0.0154,Bumps
58,82,102,1356,40,0.7434,0.0926,0.75,0.0066,Other_Faults
59,85,124,1364,80,0.4106,0.5702,0.9474,0.0139,Bumps
60,96,127,1650,70,0.7127,0.2361,0.8889,0.0049,Other_Faults
61,172,189,1353,200,0.1478,0.3036,0.875,0.0052,Other_Faults
62,33,142,1402,40,0.0556,0.4701,0.8895,0.1091,K_Scratch
63,38,126,1360,40,0.0632,0.4079,0.3636,0.1051,K_Scratch
64,89,111,1364,60,0.0425,0.2857,0.875,0.0059,Pastry
65,99,134,1628,70,0.7789,0.275,0.8,0.0061,Bumps
66,53,124,1692,70,0.065,0.3111,0.9,0.0106,Bumps
67,89,111,1690,70,0.1491,0.3619,0.4762,0.0059,Pastry
68,122,136,1356,50,0.2035,0.4815,0.3333,0.0066,Stains
69,80,93,1690,70,0.0237,0.4271,0.6667,0.0047,Other_Faults
70,51,117,1358,70,0.0162,0.3929,0.4286,0.0044,Z_Scratch
71,105,124,1373,40,0.0146,0.3472,0.6667,0.0087,Other_Faults
72,97,124,1356,70,0.1991,0.45,0.35,0.0052,Z_Scratch
73,91,133,1354,70,0.7991,0.43,0.9063,0.0236,Other_Faults
74,31,143,1402,40,0.0585,0.497,0.9669,0.1077,K_Scratch
75,110,134,1696,60,0.6533,0.3083,0.3,0.0035,Pastry
76,118,141,1360,130,0.1147,0.4212,0.32,0.0118,Other_Faults
77,119,135,1402,40,0.0556,0.4192,0.9063,0.0207,K_Scratch
78,103,125,1356,70,0.2493,0.3978,0.8095,0.0125,Z_Scratch
79,85,103,1353,70,0.1227,0.303,0.5454,0.0089,Other_Faults
80,80,116,1358,70,0.1296,0.4515,0.9063,0.0236,Z_Scratch
81,19,141,1634,125,0.1812,0.3981,0.1066,0.0128,Pastry
82,106,127,1364,100,0.9047,0.3333,0.2308,0.0044,Dirtiness
83,104,127,1392,220,0.7471,0.5223,0.321,0.0187,Other_Faults
84,89,110,1356,70,0.0605,0.35,0.8,0.0111,Z_Scratch
85,87,133,1692,80,0.1395,0.3905,0.9333,0.0089,Bumps
86,83,133,1690,60,0.3314,0.1667,0.9167,0.0071,Bumps
87,44,124,1356,40,0.0575,0.464,0.3943,0.1291,K_Scratch
88,96,118,1372,40,0.5641,0.2778,0.3462,0.0066,Other_Faults
89,43,78,1358,70,0.0118,0.6461,0.3594,0.0169,Z_Scratch
90,92,124,1668,40,0.1715,0.2645,0.6452,0.012,Other_Faults
91,67,110,1690,60,0.0663,0.3946,0.1837,0.0053,Pastry
92,113,140,1650,69,0.3321,0.4444,0.6111,0.0109,Bumps
93,41,125,1360,40,0.0618,0.3669,0.3333,0.1015,K_Scratch
94,116,140,1364,40,0.4032,0.3026,0.7917,0.0176,Other_Faults
95,118,135,1362,175,0.2173,0.5489,0.1842,0.0051,Z_Scratch
96,115,150,1360,50,0.3412,0.5143,0.7143,0.0052,Stains
97,49,87,1356,200,0.9292,0.5632,0.6333,0.014,Other_Faults
98,91,117,1356,70,0.0398,0.3287,0.375,0.0066,Z_Scratch
99,84,116,1356,70,0.0619,0.3462,0.65,0.0096,Z_Scratch
100,92,116,1356,70,0.0546,0.4221,0.3929,0.0081,Z_Scratch
101,51,127,1358,40,0.0574,0.4331,0.3509,0.1259,K_Scratch
102,58,135,1690,150,0.6627,0.3333,0.9333,0.0089,Other_Faults
103,86,119,1387,40,0.013,0.4053,0.95,0.0144,Other_Faults
104,36,84,1356,70,0.0133,0.2525,0.8182,0.0066,Z_Scratch
105,83,141,1356,200,0.5678,0.256,0.8571,0.0103,Other_Faults
106,101,127,1387,40,0.8796,0.2356,1.0,0.0108,Other_Faults
107,40,79,1356,70,0.003,0.5391,0.2841,0.0184,Z_Scratch
108,47,77,1358,70,0.0059,0.5611,0.7647,0.0096,Z_Scratch
109,77,127,1360,150,0.8882,0.3299,0.3846,0.011,Other_Faults
110,116,135,1358,40,0.1885,0.5883,0.7093,0.0449,K_Scratch
111,61,109,1686,60,0.0783,0.2571,0.7,0.0083,Bumps
112,79,102,1358,300,0.6451,0.4,0.9,0.0066,Other_Faults
113,112,141,1360,175,0.5412,0.5462,0.7692,0.0096,Bumps
114,120,149,1360,50,0.5882,0.15,0.8,0.0037,Stains
115,73,117,1358,70,0.0722,0.567,0.2973,0.0162,Z_Scratch
116,46,127,1353,70,0.0,0.6154,0.25,0.0096,Other_Faults
117,106,127,1362,40,0.4126,0.6179,0.3659,0.011,Other_Faults
118,93,118,1387,40,0.0072,0.3452,0.381,0.0058,Other_Faults
119,83,124,1352,80,0.7944,0.2778,0.8889,0.0067,Bumps
120,103,132,1654,70,0.1233,0.4881,0.3617,0.0103,Other_Faults
121,99,126,1360,40,0.8015,0.6124,0.2895,0.0279,Other_Faults
122,97,119,1627,40,0.2668,0.213,0.3333,0.0037,Pastry
123,81,126,1364,80,0.2478,0.4056,0.5556,0.0132,Bumps
124,9,143,1362,40,0.7107,0.4347,0.185,0.0308,K_Scratch
125,30,93,1696,90,0.0024,0.2877,0.0714,0.0035,Pastry
126,92,132,1686,70,0.6026,0.2143,0.7143,0.0059,Bumps
127,120,143,1356,50,0.4498,0.6191,0.4286,0.0103,Stains
128,117,148,1358,50,0.5567,0.25,0.6667,0.0044,Stains
129,77,111,1692,300,0.292,0.4779,0.4386,0.0148,Other_Faults
130,22,142,1404,40,0.0613,0.4386,0.9626,0.1332,K_Scratch
131,93,127,1360,50,0.9029,0.4364,0.9091,0.0081,Bumps
132,91,111,1353,50,0.8588,0.5833,0.6667,0.0133,Other_Faults
133,90,119,1690,60,0.1396,0.4,0.4762,0.0059,Bumps
134,35,95,1666,40,0.2437,0.5204,0.3597,0.0834,K_Scratch
135,102,124,1354,70,0.1684,0.3407,0.5385,0.0096,Z_Scratch
136,101,180,1362,70,0.0279,0.2895,0.0526,0.0279,Other_Faults
137,53,125,1373,40,0.0073,0.3219,0.8,0.0116,Other_Faults
138,95,115,1358,70,0.8881,0.3434,0.8182,0.0066,Z_Scratch
139,105,134,1356,40,0.4513,0.4327,0.1053,0.042,Other_Faults
140,80,118,1354,70,0.0281,0.4074,0.25,0.0066,Z_Scratch
141,116,140,1356,40,0.1475,0.667,0.974,0.0553,K_Scratch
142,44,124,1362,40,0.0499,0.3529,0.2464,0.0125,Pastry
143,64,127,1387,40,0.62,0.3417,0.1264,0.0079,Pastry
144,23,141,1400,40,0.0586,0.5479,0.8762,0.1264,K_Scratch
145,83,118,1646,80,0.9575,0.3058,1.0,0.0067,Bumps
146,84,116,1646,80,0.616,0.4353,0.8824,0.0103,Other_Faults
147,95,135,1694,80,0.0673,0.4375,0.8333,0.0142,Bumps
148,23,143,1400,40,0.0586,0.4844,0.9551,0.1271,K_Scratch
149,86,125,1364,80,0.4106,0.6543,0.6667,0.0198,Bumps
150,32,140,1404,40,0.0613,0.4563,0.962,0.1083,K_Scratch
151,91,134,1696,85,0.5318,0.2955,0.9167,0.0071,Bumps
152,89,109,1358,70,0.5243,0.513,0.7857,0.0081,Z_Scratch
153,92,124,1362,120,0.2144,0.1625,0.8,0.0073,Other_Faults
154,40,84,1692,70,0.0024,0.2632,0.3684,0.0041,Other_Faults
155,118,143,1690,150,0.7621,0.3901,0.9286,0.0083,Other_Faults
156,76,125,1353,70,0.7628,0.2552,0.75,0.0089,Bumps
157,86,101,1392,220,0.2917,0.5747,0.6539,0.0122,Other_Faults
158,106,141,1660,100,0.2482,0.5701,0.4783,0.0199,Bumps
159,163,188,1387,40,0.2408,0.2292,0.6667,0.0058,K_Scratch
160,40,127,1404,40,0.0584,0.3404,0.3378,0.1054,K_Scratch
161,99,133,1358,100,0.3756,0.6111,0.7222,0.0265,Bumps
162,89,108,1692,300,0.2778,0.5359,0.4,0.0095,Other_Faults
163,66,133,1362,175,0.5433,0.2152,0.1165,0.0088,Pastry
164,62,125,1698,90,0.0495,0.3291,0.2407,0.0077,Pastry
165,62,127,1696,90,0.1002,0.4296,0.1839,0.0094,Pastry
166,107,126,1364,175,0.239,0.38,0.5,0.0073,Z_Scratch
167,125,143,1370,40,0.5927,0.3776,0.8461,0.008,Other_Faults
168,115,132,1358,40,0.2165,0.5246,0.4848,0.0243,K_Scratch
169,99,143,1358,70,0.0236,0.2842,0.5263,0.0074,Pastry
170,52,141,1400,40,0.0557,0.5793,0.9054,0.0957,K_Scratch
171,121,143,1687,200,0.0024,0.4145,0.1539,0.0036,Other_Faults
172,70,135,1688,60,0.5936,0.3951,0.8824,0.0178,Bumps
173,91,131,1624,70,0.4261,0.3636,0.9091,0.0068,Bumps
174,100,124,1360,40,0.8235,0.2361,1.0,0.0088,Other_Faults
175,110,134,1358,40,0.8468,0.3967,0.3478,0.0059,Other_Faults
176,89,127,1364,70,0.4956,0.3667,0.9,0.0073,Other_Faults
177,81,119,1352,70,0.0399,0.3886,0.3659,0.0111,Z_Scratch
178,105,127,1356,70,0.1696,0.6168,1.0,0.0155,Z_Scratch
179,95,135,1692,60,0.1572,0.1984,0.6429,0.0053,Bumps
180,94,121,1624,70,0.8485,0.2727,0.7273,0.0068,Bumps
181,90,116,1356,70,0.0118,0.455,0.5,0.0074,Z_Scratch
182,42,126,1360,40,0.0603,0.4065,0.3521,0.1044,K_Scratch
183,19,99,1687,80,0.0012,0.2673,0.1129,0.0041,Other_Faults
184,51,134,1358,40,0.0604,0.455,0.4837,0.1127,K_Scratch
185,91,132,1692,60,0.6584,0.3852,0.3,0.0053,Bumps
186,107,127,1366,100,0.9004,0.4571,0.4667,0.0051,Dirtiness
187,94,111,1392,220,0.1638,0.571,0.3226,0.0144,Other_Faults
188,88,134,1650,69,0.8667,0.2418,0.5294,0.0103,Bumps
189,75,110,1624,70,0.1182,0.2756,0.9231,0.008,Bumps
190,89,117,1366,100,0.1127,0.3,0.8,0.0059,Other_Faults
191,125,142,1362,70,0.2614,0.4619,0.9333,0.0103,Other_Faults
192,106,134,1354,70,0.257,0.525,0.6,0.0148,Z_Scratch
193,29,141,1398,40,0.0558,0.5345,0.9143,0.1252,K_Scratch
194,36,127,1373,40,0.6934,0.0992,0.7778,0.0102,K_Scratch
195,81,116,1648,100,0.0607,0.246,0.3214,0.0055,Pastry
196,81,127,1686,70,0.6465,0.2663,1.0,0.0077,Bumps
197,73,94,1656,100,0.0531,0.4375,0.5714,0.0048,Pastry
198,75,119,1690,60,0.8331,0.3496,0.8461,0.0077,Bumps
199,101,127,1227,40,0.5982,0.2355,0.1892,0.0057,Bumps
200,42,124,1358,40,0.0604,0.4569,0.4,0.1289,K_Scratch
201,87,126,1360,300,0.5515,0.6509,1.0,0.0096,Other_Faults
202,29,141,1398,40,0.0558,0.8268,0.409,0.2868,K_Scratch
203,108,125,1356,40,0.2227,0.4024,1.0,0.0096,Bumps
204,104,125,1358,70,0.433,0.4337,0.5,0.0103,Z_Scratch
205,37,133,1360,40,0.6618,0.4189,0.0448,0.0118,Pastry
206,168,189,1387,40,0.0,0.4352,0.75,0.0065,K_Scratch
207,45,108,1387,50,0.013,0.2661,0.3514,0.0094,Other_Faults
208,95,131,1690,70,0.9314,0.3445,0.5789,0.0065,Other_Faults
209,104,134,1364,80,0.3123,0.6429,0.4,0.0257,Bumps
210,112,134,1370,40,0.1504,0.5913,0.4359,0.0285,Other_Faults
211,65,124,1353,70,0.1212,0.25,0.3333,0.0089,Pastry
212,19,141,1400,40,0.0586,0.476,0.9448,0.1293,K_Scratch
213,111,134,1396,120,0.3352,0.2975,1.0,0.0079,Other_Faults
214,75,141,1692,80,0.1076,0.7306,0.6304,0.0514,Bumps
215,111,142,1358,50,0.8778,0.4667,0.8333,0.0044,Stains
216,37,125,1358,40,0.0604,0.435,0.3757,0.1274,K_Scratch
217,120,141,1374,40,0.5604,0.6094,0.6667,0.0116,Other_Faults
218,107,133,1358,50,0.8542,0.2,0.4667,0.0052,Bumps
219,40,141,1404,40,0.0584,0.6469,0.9,0.109,K_Scratch
220,116,140,1356,70,0.2552,0.497,0.7333,0.0111,Z_Scratch
221,40,141,1400,40,0.0586,0.562,0.9341,0.1114,K_Scratch
222,83,109,1690,60,0.0627,0.32,1.0,0.0059,Bumps
223,89,126,1366,40,0.0791,0.417,0.064,0.0059,Other_Faults
224,114,134,1372,40,0.809,0.5908,0.52,0.0095,Other_Faults
225,133,165,1353,100,0.0236,0.5464,0.5161,0.0118,Other_Faults
226,85,132,1692,60,0.7033,0.3056,1.0,0.0071,Bumps
227,77,118,1362,70,0.8693,0.3977,0.7273,0.0117,Other_Faults
228,84,134,1694,60,0.706,0.2941,0.7059,0.0071,Bumps
229,63,93,1656,80,0.0447,0.3365,0.6154,0.0048,Other_Faults
230,96,125,1374,40,0.4105,0.2556,0.9,0.0066,Bumps
231,132,150,1364,70,0.4721,0.3436,0.8667,0.0095,Other_Faults
232,68,126,1358,40,0.4345,0.3217,0.3939,0.0096,Pastry
233,90,119,1358,70,0.0795,0.4749,0.2763,0.0155,Other_Faults
234,120,140,1400,40,0.0557,0.4139,0.9429,0.0236,K_Scratch
235,97,116,1692,70,0.1194,0.6563,0.8889,0.0106,Other_Faults
236,100,148,1368,69,0.2982,0.7193,0.7727,0.0161,Bumps
237,43,86,1354,70,0.0251,0.3667,0.8333,0.0074,Z_Scratch
238,110,129,1467,100,0.2672,0.6539,0.9231,0.0089,Other_Faults
239,168,198,1387,40,0.6691,0.3455,0.9091,0.0072,K_Scratch
240,40,124,1358,40,0.0574,0.4594,0.422,0.1274,K_Scratch
241,109,126,1354,70,0.2127,0.4815,0.3333,0.0044,Z_Scratch
242,115,135,1356,40,0.1608,0.526,0.75,0.0531,K_Scratch
243,111,135,1358,50,0.8557,0.2667,0.6,0.0037,Stains
244,99,118,1354,70,0.2851,0.3636,0.9167,0.0089,Z_Scratch
245,42,143,1353,70,0.0843,0.5322,0.1385,0.02,Other_Faults
246,36,125,1358,40,0.0604,0.4403,0.3829,0.1289,K_Scratch
247,77,127,1322,40,0.879,0.2448,0.8461,0.0098,Bumps
248,41,141,1402,40,0.0585,0.6278,0.9394,0.1106,K_Scratch
249,124,172,1687,150,0.2253,0.34,0.5,0.0059,Pastry
250,43,126,1358,40,0.0574,0.4816,0.4167,0.1326,K_Scratch
251,38,133,1358,40,0.0574,0.5016,0.5133,0.1105,K_Scratch
252,115,141,1362,40,0.8429,0.696,0.6191,0.0154,Other_Faults
253,29,93,1362,200,0.0279,0.2308,0.0532,0.0066,Other_Faults
254,97,127,1694,80,0.2054,0.5218,0.4583,0.0283,Bumps
255,105,141,1658,100,0.0302,0.3309,0.4706,0.0048,Other_Faults
256,37,125,1356,40,0.0575,0.4225,0.4,0.1254,K_Scratch
257,118,141,1402,40,0.1327,0.6288,0.8974,0.0556,K_Scratch
258,85,133,1373,40,0.3685,0.2865,0.75,0.0087,Other_Faults
259,111,149,1368,80,0.2544,0.4086,0.1936,0.0227,Bumps
260,96,128,1654,80,0.1995,0.2587,0.8461,0.0066,Bumps
261,109,132,1354,70,0.2866,0.5256,0.9231,0.0096,Z_Scratch
262,110,127,1353,70,0.0754,0.3654,0.3611,0.0096,Other_Faults
263,105,132,1360,40,0.3206,0.302,0.8824,0.0125,Other_Faults
264,89,126,1358,50,0.9057,0.35,1.0,0.0074,Stains
265,58,127,1690,60,0.7917,0.3498,0.9565,0.0136,Bumps
266,43,119,1356,40,0.0605,0.4877,0.4,0.1291,K_Scratch
267,92,135,1652,100,0.7215,0.328,0.6,0.0091,Bumps
268,35,116,1627,40,0.6995,0.4136,0.6429,0.0166,Other_Faults
269,130,158,1360,100,0.2279,0.5251,0.4286,0.0309,Other_Faults
270,84,126,1358,100,0.6289,0.2083,0.8571,0.0088,Bumps
271,94,124,1692,300,0.2908,0.398,0.2807,0.0095,Other_Faults
272,33,140,1402,40,0.0585,0.5942,0.9167,0.1177,K_Scratch
273,82,148,1354,70,0.0502,0.8648,0.3454,0.0776,Z_Scratch
274,84,124,1362,40,0.8443,0.1591,0.9167,0.0088,Bumps
275,73,135,1353,290,0.2853,0.3218,0.3333,0.0126,Bumps
276,81,118,1356,70,0.2788,0.4441,0.2577,0.0184,Z_Scratch
277,74,127,1362,100,0.4537,0.2909,0.55,0.0081,Bumps
278,84,108,1394,220,0.7331,0.453,0.1936,0.0086,Other_Faults
279,93,133,1688,60,0.1837,0.3401,0.6842,0.0077,Bumps
280,92,129,1650,70,0.5685,0.6036,0.7391,0.0139,Other_Faults
281,40,126,1362,40,0.069,0.4501,0.3778,0.0991,K_Scratch
282,38,124,1362,40,0.0602,0.4144,0.3287,0.105,K_Scratch
283,89,126,1358,40,0.3137,0.3247,0.7353,0.0184,Bumps
284,119,135,1360,40,0.1853,0.3543,0.84,0.0184,Z_Scratch
285,153,175,1353,100,0.1641,0.3688,0.625,0.0074,Other_Faults
286,81,110,1354,70,0.0665,0.2667,0.5333,0.0059,Z_Scratch
287,77,110,1652,80,0.1247,0.2424,0.9167,0.0067,Other_Faults
288,97,125,1360,100,0.1426,0.3552,0.5454,0.0132,Bumps
289,38,124,1356,40,0.0546,0.4654,0.375,0.1298,K_Scratch
290,40,134,1666,40,0.3001,0.5601,0.9187,0.0738,K_Scratch
291,100,132,1690,60,0.6426,0.3626,0.5385,0.0041,Pastry
292,36,125,1358,40,0.0604,0.4083,0.3785,0.1303,K_Scratch
293,71,127,1634,125,0.2754,0.2267,0.6667,0.0061,Pastry
294,102,150,1696,85,0.9835,0.2222,0.75,0.0053,Bumps
295,102,126,1356,70,0.0811,0.4667,0.8333,0.0074,Z_Scratch
296,86,135,1356,70,0.0443,0.3546,0.5,0.0206,Z_Scratch
297,92,132,1360,50,0.9515,0.7208,0.6,0.0147,Stains
298,123,140,1358,50,0.8645,0.5556,1.0,0.0044,Stains
299,71,108,1360,70,0.0,0.3083,0.1333,0.0029,Other_Faults
300,112,134,1350,40,0.76,0.3232,0.8182,0.0067,Bumps
301,70,109,1694,60,0.6623,0.27,1.0,0.0059,Other_Faults
302,96,126,1364,175,0.2273,0.5211,0.1964,0.0081,Z_Scratch
303,25,132,1354,40,0.2393,0.3061,0.9615,0.0185,Other_Faults
304,106,135,1366,80,0.4217,0.5882,0.5263,0.0278,Bumps
305,73,125,1688,70,0.0924,0.256,0.8571,0.0071,Bumps
306,89,140,1352,80,0.8269,0.4318,0.9167,0.0089,Bumps
307,196,210,1387,40,0.8219,0.4518,0.6,0.0108,K_Scratch
308,70,103,1353,185,0.0369,0.3613,0.0581,0.0066,Other_Faults
309,90,125,1356,70,0.0723,0.5804,0.4231,0.0192,Z_Scratch
310,84,127,1358,40,0.0353,0.268,0.5294,0.0066,Pastry
311,120,143,1362,40,0.5712,0.5621,0.5294,0.0125,Other_Faults
312,102,133,1356,70,0.3186,0.6322,0.4533,0.0251,Z_Scratch
313,69,109,1362,200,0.1057,0.4378,0.4867,0.0536,Other_Faults
314,123,134,1402,40,0.0585,0.2981,0.3681,0.1027,K_Scratch
315,106,127,1364,100,0.8974,0.42,0.6667,0.0073,Dirtiness
316,114,132,1356,40,0.2168,0.4769,0.52,0.0184,K_Scratch
317,178,198,1387,40,0.2033,0.3878,0.5,0.005,K_Scratch
318,101,134,1690,60,0.6686,0.2041,1.0,0.0041,Bumps
319,90,135,1688,60,0.4538,0.3487,0.8667,0.0077,Bumps
320,37,141,1400,40,0.0557,0.4512,0.9367,0.1129,K_Scratch
321,25,143,1398,40,0.0587,0.4957,0.9206,0.1245,K_Scratch
322,101,141,1352,80,0.1849,0.2464,0.3913,0.0067,Pastry
323,37,132,1360,40,0.0676,0.4206,0.4091,0.0971,K_Scratch
324,31,141,1402,40,0.0585,0.5172,0.821,0.1113,K_Scratch
325,101,127,1362,40,0.0323,0.273,0.7143,0.011,Other_Faults
326,92,132,1364,40,0.1848,0.2702,0.3056,0.0081,Pastry
327,88,126,1387,50,0.5624,0.2902,0.4138,0.0087,Bumps
328,104,132,1360,40,0.9456,0.2933,0.8125,0.0118,Bumps
329,129,142,1358,50,0.2298,0.4333,0.8333,0.0044,Stains
330,128,149,1366,70,0.4144,0.5792,0.9375,0.011,Other_Faults
331,120,130,1358,40,0.2872,0.0,0.5,0.0015,K_Scratch
332,87,124,1380,40,0.9377,0.2222,0.8889,0.0065,Bumps
333,95,133,1362,175,0.8076,0.2339,0.2581,0.0059,Other_Faults
334,102,124,1648,69,0.1201,0.4091,0.9091,0.0067,Other_Faults
335,54,133,1696,60,0.3113,0.2109,0.6667,0.0094,Other_Faults
336,84,124,1688,70,0.8969,0.3478,0.3478,0.0047,Pastry
337,86,116,1356,70,0.09,0.5546,0.4857,0.0125,Z_Scratch
338,44,126,1690,60,0.0615,0.3659,0.8056,0.0213,Bumps
339,108,140,1366,80,0.4846,0.3875,0.3125,0.0117,Other_Faults
340,94,132,1688,60,0.519,0.2444,0.9,0.0053,Bumps
341,118,140,1364,50,0.7067,0.4187,0.8636,0.0139,Other_Faults
342,21,82,1692,70,0.0036,0.2444,0.9,0.0053,Bumps
343,84,117,1364,80,0.4106,0.6722,0.8846,0.0191,Bumps
344,129,149,1360,50,0.3809,0.5952,0.8571,0.0052,Stains
345,85,119,1696,100,0.8903,0.3214,0.875,0.0047,Bumps
346,112,140,1360,50,0.6985,0.3571,0.5714,0.0052,Stains
347,111,126,1364,40,0.5792,0.7257,1.0,0.0176,Bumps
348,90,143,1692,143,0.4433,0.2509,0.2903,0.0053,Pastry
349,82,109,1692,60,0.0638,0.275,0.8333,0.0059,Bumps
350,98,125,1358,70,0.2327,0.5071,0.7143,0.0074,Z_Scratch
351,95,135,1354,70,0.2378,0.4005,0.3441,0.0236,Z_Scratch
352,24,143,1402,40,0.0585,0.4854,0.962,0.1262,K_Scratch
353,115,135,1356,40,0.1534,0.6149,0.8816,0.0494,K_Scratch
354,42,124,1356,40,0.0575,0.4565,0.3714,0.1291,K_Scratch
355,49,101,1362,200,0.3994,0.2579,0.5714,0.0088,Other_Faults
356,135,156,1353,100,0.3208,0.3641,0.3478,0.0059,Other_Faults
357,80,127,1362,40,0.1219,0.2308,0.3462,0.0066,Pastry
358,40,127,1356,40,0.0605,0.42,0.3943,0.1291,K_Scratch
359,40,127,1360,40,0.0544,0.3508,0.3333,0.1059,K_Scratch
360,116,143,1652,69,0.3378,0.5357,0.4375,0.0097,Dirtiness
361,81,140,1690,70,0.7941,0.2349,0.9167,0.0065,Bumps
362,80,125,1687,70,0.5691,0.3214,0.8571,0.0071,Bumps
363,106,130,1626,70,0.7515,0.5022,0.4375,0.0086,Bumps
364,80,118,1358,70,0.0957,0.2778,0.4167,0.011,Z_Scratch
365,84,135,1362,40,0.5712,0.2571,0.7143,0.0073,Pastry
366,48,124,1356,100,0.969,0.2216,0.8077,0.0155,Bumps
367,75,125,1360,40,0.0912,0.3065,0.3871,0.0088,Pastry
368,117,134,1358,200,0.0736,0.4205,0.7273,0.0081,Other_Faults
369,118,134,1372,40,0.5846,0.456,0.5385,0.0102,Other_Faults
370,79,124,1360,200,0.0721,0.3213,0.2619,0.0243,Other_Faults
371,82,109,1370,80,0.9445,0.5571,0.35,0.0146,Other_Faults
372,67,132,1688,70,0.6552,0.2597,0.7857,0.0083,Bumps
373,95,117,1356,70,0.0796,0.4091,0.2727,0.0162,Z_Scratch
374,172,189,1353,200,0.2306,0.4286,0.7778,0.0052,Other_Faults
375,29,124,1358,50,0.0,0.5232,0.558,0.1649,K_Scratch
376,93,135,1692,60,0.734,0.25,0.5333,0.0047,Bumps
377,66,108,1692,300,0.2991,0.3333,0.48,0.0071,Other_Faults
378,95,141,1356,70,0.6785,0.5386,0.3333,0.0546,Z_Scratch
379,82,127,1353,50,0.51,0.2641,0.5238,0.0081,Other_Faults
380,71,118,1694,60,0.1429,0.4133,1.0,0.0083,Bumps
381,107,127,1692,70,0.9279,0.4333,0.5333,0.0047,Other_Faults
382,107,135,1358,175,0.1399,0.7074,0.3514,0.0545,Other_Faults
383,120,141,1360,100,0.3515,0.6496,0.3488,0.0316,Bumps
384,63,127,1362,40,0.3495,0.2387,0.8333,0.022,Bumps
385,43,125,1356,40,0.0605,0.4162,0.3864,0.1298,K_Scratch
386,85,117,1692,300,0.3026,0.5042,0.3429,0.0142,Other_Faults
387,97,124,1692,60,0.4326,0.284,1.0,0.0053,Bumps
388,44,109,1387,50,0.0188,0.3275,0.4737,0.0065,Other_Faults
389,119,140,1402,40,0.0556,0.4451,0.5094,0.0193,K_Scratch
390,95,133,1354,70,0.3338,0.5084,0.2614,0.017,Z_Scratch
391,120,142,1362,40,0.2129,0.6849,0.5961,0.0382,Z_Scratch
392,87,116,1633,300,0.0894,0.5718,0.5538,0.0398,Other_Faults
393,112,133,1360,40,0.2118,0.4554,0.5484,0.0228,Other_Faults
394,90,119,1353,50,0.9061,0.4634,0.1951,0.0303,Bumps
395,91,133,1364,40,0.5205,0.4621,0.451,0.0169,Bumps
396,48,127,1360,40,0.0676,0.3638,0.3712,0.0971,K_Scratch
397,77,122,1687,80,0.7777,0.24,0.6667,0.0059,Other_Faults
398,94,132,1366,100,0.9151,0.3442,0.0733,0.0081,Dirtiness
399,26,141,1400,40,0.0529,0.4831,0.9643,0.1157,K_Scratch
400,106,127,1366,100,0.9004,0.4219,0.3333,0.0059,Dirtiness
401,129,157,1658,143,0.1484,0.4902,0.5294,0.0054,Dirtiness
402,85,103,1354,70,0.0502,0.3854,0.6667,0.0059,Z_Scratch
403,21,141,1400,40,0.0586,0.5223,0.9832,0.1257,K_Scratch
404,44,124,1356,40,0.0575,0.4293,0.3771,0.1291,K_Scratch
405,95,111,1358,70,0.243,0.5702,1.0,0.0081,Z_Scratch
406,106,156,1358,70,0.0206,0.4647,0.1636,0.0066,Pastry
407,120,132,1356,50,0.4381,0.4667,0.8333,0.0037,Stains
408,105,126,1362,40,0.3979,0.4632,0.95,0.0147,Other_Faults
409,61,96,1353,70,0.0133,0.5373,0.0992,0.0096,Other_Faults
410,46,127,1358,40,0.0604,0.388,0.345,0.1259,K_Scratch
411,132,151,1353,100,0.1818,0.5525,0.25,0.0066,Other_Faults
412,75,95,1392,220,0.4095,0.4315,0.2933,0.0158,Other_Faults
413,103,134,1694,80,0.66,0.3939,0.697,0.0195,Bumps
414,93,124,1353,120,0.0296,0.4103,0.2308,0.0066,Dirtiness
415,39,126,1358,40,0.0604,0.3697,0.4,0.1141,K_Scratch
416,122,150,1372,69,0.3018,0.3889,0.2778,0.0131,Other_Faults
417,101,156,1358,70,0.025,0.2328,0.4286,0.0066,Pastry
418,89,126,1356,100,0.472,0.3,0.9,0.0066,Bumps
419,107,127,1362,40,0.2863,0.3667,0.9333,0.011,Bumps
420,92,126,1687,150,0.0972,0.2171,0.28,0.0041,Pastry
421,40,126,1360,40,0.0573,0.3404,0.3534,0.0978,K_Scratch
422,96,127,1360,100,0.3074,0.4627,0.88,0.0368,Other_Faults
423,52,94,1356,70,0.0206,0.5,0.6429,0.0133,Z_Scratch
424,82,124,1373,40,0.0131,0.3939,0.5238,0.008,Other_Faults
425,65,126,1694,80,0.4569,0.2781,0.8,0.0094,Bumps
426,85,133,1360,175,0.7618,0.437,0.7407,0.0147,Bumps
427,101,126,1692,80,0.2057,0.5961,0.9655,0.0171,Bumps
428,104,119,1373,40,0.0218,0.461,0.6364,0.0102,Other_Faults
429,91,126,1710,100,0.7322,0.4495,0.4359,0.0099,Other_Faults
430,86,133,1306,40,0.7305,0.2727,0.7857,0.0084,Bumps
431,90,127,1690,70,0.8982,0.25,0.8889,0.0053,Bumps
432,120,143,1362,100,0.2335,0.6571,0.4,0.0257,Bumps
433,79,127,1698,60,0.4417,0.3281,0.4783,0.0065,Pastry
434,111,133,1356,40,0.6622,0.54,0.08,0.0737,Other_Faults
435,78,141,1360,100,0.5794,0.4034,0.0528,0.4177,Other_Faults
436,87,109,1692,300,0.1324,0.4776,0.2708,0.0077,Other_Faults
437,97,132,1356,40,0.7699,0.2727,0.6364,0.0052,Other_Faults
438,49,124,1387,40,0.8565,0.4398,0.8841,0.044,K_Scratch
439,89,113,1360,70,0.1985,0.3636,0.7857,0.0081,Z_Scratch
440,28,140,1696,69,0.0743,0.4199,0.1513,0.0136,Dirtiness
441,79,103,1358,300,0.2887,0.3393,0.4375,0.0118,Other_Faults
442,40,126,1358,40,0.0604,0.4707,0.3785,0.1303,K_Scratch
443,119,133,1362,40,0.1513,0.3772,0.6316,0.0139,Z_Scratch
444,25,141,1400,40,0.0557,0.5876,0.7865,0.1271,K_Scratch
445,24,93,1692,70,0.0047,0.2803,0.9167,0.0065,Other_Faults
446,89,126,1358,40,0.0442,0.2431,0.4444,0.0059,Pastry
447,91,134,1694,80,0.0862,0.5563,0.6727,0.0218,Bumps
448,36,141,1400,40,0.0586,0.438,0.9867,0.1071,K_Scratch
449,103,126,1690,70,0.7385,0.351,0.3077,0.0047,Pastry
450,71,132,1374,40,0.7467,0.4954,0.3387,0.0153,Other_Faults
451,105,132,1352,70,0.3609,0.4422,0.7561,0.0229,Z_Scratch
452,22,86,1690,70,0.0036,0.3426,0.75,0.0053,Bumps
453,85,117,1360,40,0.1162,0.6346,0.7708,0.0272,Other_Faults
454,84,127,1356,40,0.2183,0.5844,0.6364,0.0243,Other_Faults
455,29,143,1400,40,0.0586,0.5488,0.8516,0.1107,K_Scratch
456,123,159,1652,69,0.6973,0.2286,0.7,0.006,Bumps
457,107,134,1356,40,0.0841,0.1571,0.7,0.0052,Bumps
458,102,127,1652,69,0.109,0.4632,0.2632,0.0115,Other_Faults
459,139,181,1387,40,0.6215,0.2273,0.9091,0.0079,K_Scratch
460,119,135,1398,40,0.0558,0.4762,0.6863,0.025,K_Scratch
461,116,140,1360,40,0.1515,0.614,0.5273,0.0426,K_Scratch
462,104,126,1602,40,0.6005,0.5909,0.8148,0.0137,Other_Faults
463,42,85,1356,70,0.056,0.4926,0.76,0.0184,Z_Scratch
464,100,132,1362,175,0.8297,0.2361,0.8889,0.0059,Other_Faults
465,35,141,1402,40,0.0556,0.5391,0.9623,0.1091,K_Scratch
466,121,140,1358,50,0.4728,0.575,0.625,0.0059,Stains
467,110,136,1353,70,0.2587,0.4965,0.2653,0.0192,Other_Faults
468,12,134,1624,70,0.7217,0.309,0.8108,0.0185,Bumps
469,77,126,1364,100,0.0513,0.3431,0.3548,0.0081,Bumps
470,71,132,1690,70,0.7101,0.2028,0.8461,0.0077,Bumps
471,101,135,1666,40,0.6194,0.2421,0.7778,0.0084,Other_Faults
472,94,127,1354,70,0.2482,0.5876,0.6471,0.0244,Z_Scratch
473,91,119,1668,40,0.8789,0.1286,0.7,0.0042,Bumps
474,111,143,1360,50,0.7985,0.2,0.8,0.0037,Stains
475,103,253,1358,40,0.3358,0.2436,0.9231,0.0088,Other_Faults
476,86,126,1690,70,0.9266,0.394,0.4516,0.0083,Other_Faults
477,72,125,1687,80,0.6319,0.4816,0.6727,0.0219,Other_Faults
478,125,142,1372,40,0.4927,0.5095,0.9333,0.0102,Other_Faults
479,99,133,1690,60,0.6402,0.3,0.5333,0.0089,Bumps
480,101,127,1358,175,0.2106,0.4029,0.6522,0.0169,Other_Faults
481,84,132,1692,60,0.2518,0.2091,0.9091,0.0059,Bumps
482,75,119,1690,60,0.8331,0.3496,0.8461,0.0077,Bumps
483,61,135,1354,100,0.0872,0.5709,0.0261,0.8759,Other_Faults
484,93,118,1358,70,0.324,0.4812,0.7368,0.0103,Z_Scratch
485,61,119,1362,70,0.8664,0.25,0.9167,0.0088,Other_Faults
486,38,127,1360,40,0.0573,0.3931,0.3451,0.1044,K_Scratch
487,99,124,1692,300,0.1182,0.5385,0.5385,0.0083,Other_Faults
488,121,135,1358,50,0.4728,0.3929,0.5714,0.0052,Stains
489,25,141,1402,40,0.0585,0.5047,0.9412,0.1091,K_Scratch
490,97,133,1690,60,0.4556,0.1786,0.875,0.0047,Bumps
491,67,118,1650,100,0.3915,0.3095,0.4762,0.0061,Other_Faults
492,108,132,1354,70,0.0103,0.2222,0.5,0.0089,Z_Scratch
493,96,117,1360,70,0.2088,0.5385,0.7692,0.0096,Z_Scratch
494,103,126,1626,70,0.7651,0.2597,0.6364,0.0068,Bumps
495,97,141,1687,200,0.0107,0.3386,0.4286,0.0053,Other_Faults
496,96,133,1353,300,0.4346,0.6698,0.1437,0.034,Other_Faults
497,101,133,1360,80,0.1162,0.6781,0.8,0.0147,Other_Faults
498,94,116,1387,40,0.0115,0.3722,0.45,0.0065,Other_Faults
499,105,125,1358,100,0.1281,0.381,0.5833,0.0052,Z_Scratch
500,93,135,1692,60,0.6631,0.25,1.0,0.0059,Bumps
501,33,141,1402,40,0.0585,0.4892,0.9375,0.107,K_Scratch
502,43,125,1360,40,0.0735,0.3916,0.3512,0.0963,K_Scratch
503,36,124,1356,40,0.0605,0.4557,0.4104,0.1276,K_Scratch
504,42,125,1360,40,0.0882,0.4155,0.3884,0.089,K_Scratch
505,78,126,1360,40,0.3941,0.3383,0.1803,0.0081,Pastry
506,118,135,1362,40,0.1968,0.4261,0.3636,0.0161,K_Scratch
507,105,134,1360,175,0.45,0.4487,0.2564,0.0074,Bumps
508,85,124,1362,80,0.4067,0.6806,0.875,0.0176,Bumps
509,49,126,1360,40,0.0573,0.3535,0.363,0.1073,K_Scratch
510,84,126,1362,120,0.9192,0.2323,0.8182,0.0066,Pastry
511,150,172,1353,100,0.3237,0.536,0.4,0.0185,Other_Faults
512,36,124,1356,40,0.0605,0.4508,0.3757,0.1276,K_Scratch
513,114,142,1356,50,0.7227,0.15,0.8,0.0037,Stains
514,87,109,1366,100,0.0205,0.1746,0.7778,0.0066,Pastry
515,74,103,1662,100,0.9795,0.2778,0.8889,0.0054,Bumps
516,37,141,1400,40,0.0586,0.4717,0.9371,0.1064,K_Scratch
517,118,143,1362,40,0.3142,0.5778,0.4545,0.0242,Other_Faults
518,116,140,1360,40,0.3515,0.4463,0.6,0.0221,Other_Faults
519,116,148,1666,100,0.3241,0.5368,0.9412,0.0102,Other_Faults
520,44,124,1358,40,0.0574,0.4393,0.3931,0.1274,K_Scratch
521,27,119,1353,120,0.0015,0.5673,0.2632,0.0111,Dirtiness
522,100,132,1362,120,0.2482,0.2208,0.6364,0.0051,Pastry
523,77,110,1696,80,0.2241,0.2273,0.9167,0.0071,Bumps
524,37,141,1402,40,0.0585,0.5596,0.9536,0.1027,K_Scratch
525,40,141,1666,100,0.6014,0.2384,1.0,0.015,Other_Faults
526,49,127,1358,40,0.0574,0.4072,0.4351,0.1134,K_Scratch
527,91,127,1686,60,0.6311,0.4394,0.5454,0.0071,Bumps
528,81,126,1360,300,0.4324,0.2778,0.8889,0.0066,Other_Faults
529,36,126,1358,40,0.0574,0.5599,0.4888,0.1311,K_Scratch
530,96,127,1362,40,0.3304,0.2704,1.0,0.0103,Other_Faults
531,76,143,1687,150,0.1257,0.2326,0.25,0.0071,Pastry
532,101,127,1362,40,0.0896,0.6448,0.1079,0.022,Other_Faults
533,49,124,1358,40,0.0574,0.358,0.3974,0.1112,K_Scratch
534,109,143,1362,100,0.9148,0.5317,0.1194,0.0117,Dirtiness
535,119,142,1360,40,0.3632,0.5053,0.76,0.0184,Other_Faults
536,132,132,1358,40,0.0604,0.3996,0.3851,0.1186,K_Scratch
537,82,127,1360,40,0.6441,0.3025,0.4857,0.0125,Other_Faults
538,107,125,1358,40,0.3564,0.3375,0.625,0.0074,Other_Faults
539,43,126,1356,40,0.0605,0.4322,0.3452,0.1239,K_Scratch
540,78,127,1362,175,0.21,0.5235,0.1032,0.0213,Z_Scratch
541,90,118,1358,50,0.8601,0.375,0.6667,0.0044,Stains
542,92,141,1687,200,0.0972,0.3231,0.2564,0.0059,Pastry
543,97,126,1650,70,0.4146,0.2875,0.8,0.0049,Other_Faults
544,99,133,1687,200,0.0107,0.3567,0.4737,0.0053,Other_Faults
545,48,125,1356,40,0.0605,0.4975,0.4128,0.1268,K_Scratch
546,111,142,1358,50,0.5921,0.3333,0.5,0.0044,Stains
547,78,114,1690,70,0.9905,0.3,0.9,0.0053,Other_Faults
548,85,132,1356,70,0.0457,0.4954,0.1329,0.014,Z_Scratch
549,113,141,1650,69,0.2448,0.25,0.1481,0.0164,Dirtiness
550,122,142,1627,40,0.9256,0.6685,0.6634,0.0412,Other_Faults
551,98,135,1624,70,0.6761,0.34,1.0,0.0062,Bumps
552,109,144,1360,50,0.1735,0.2917,0.6667,0.0044,Stains
553,113,143,1362,175,0.4978,0.4044,0.4706,0.0059,Bumps
554,115,143,1650,69,0.3091,0.3818,0.2273,0.0133,Dirtiness
555,99,132,1373,40,0.7808,0.2121,0.2121,0.0051,Pastry
556,88,126,1687,50,0.882,0.2727,0.6875,0.0065,Bumps
557,45,126,1360,40,0.0809,0.3855,0.395,0.0875,K_Scratch
558,121,143,1366,60,0.2401,0.3929,0.2857,0.0103,Other_Faults
559,113,141,1356,50,0.8304,0.15,0.8,0.0037,Stains
560,85,127,1700,90,0.2188,0.3157,0.2045,0.0053,Pastry
561,93,116,1364,185,0.0147,0.2714,0.7,0.0051,Bumps
562,79,125,1688,70,0.5035,0.24,1.0,0.0059,Other_Faults
563,86,101,1392,220,0.2917,0.5747,0.6539,0.0122,Other_Faults
564,36,71,1356,300,0.0619,0.3864,0.55,0.0081,Other_Faults
565,99,127,1358,50,0.7393,0.25,1.0,0.003,Stains
566,27,141,1402,40,0.0585,0.5981,0.9591,0.122,K_Scratch
567,122,141,1360,40,0.2662,0.7551,0.5306,0.036,Z_Scratch
568,119,142,1364,50,0.7273,0.7558,0.9032,0.0227,Other_Faults
569,105,127,1358,40,0.6775,0.5487,0.0842,0.07,Other_Faults
570,71,117,1354,70,0.0576,0.3512,0.2143,0.0089,Z_Scratch
571,16,133,1380,40,0.0594,0.4012,0.0904,0.013,Pastry
572,105,133,1694,100,0.6009,0.3056,1.0,0.0035,Bumps
573,36,118,1666,40,0.2761,0.4951,0.9273,0.0612,K_Scratch
574,24,143,1402,40,0.0585,0.4678,0.8621,0.1248,K_Scratch
575,134,183,1387,40,0.659,0.2,0.9091,0.0079,K_Scratch
576,91,118,1354,70,0.0458,0.5408,0.3726,0.014,Z_Scratch
577,44,127,1356,40,0.0575,0.3906,0.3913,0.1187,K_Scratch
578,47,141,1402,40,0.0556,0.6637,0.9398,0.1113,K_Scratch
579,99,124,1356,70,0.1445,0.49,1.0,0.0074,Z_Scratch
580,116,135,1362,50,0.6535,0.4664,0.4118,0.025,Other_Faults
581,36,124,1358,40,0.0574,0.4441,0.3886,0.1289,K_Scratch
582,68,140,1688,70,0.7595,0.3231,0.8667,0.0077,Bumps
583,90,126,1354,70,0.1817,0.4974,0.3509,0.0148,Z_Scratch
584,78,103,1652,80,0.0896,0.1909,0.9091,0.006,Other_Faults
585,102,134,1374,40,0.1456,0.4725,0.64,0.0116,Other_Faults
586,113,142,1652,100,0.1489,0.4927,0.4706,0.0103,Other_Faults
587,111,133,1354,40,0.0325,0.4457,0.28,0.0052,Dirtiness
588,108,127,1352,40,0.0325,0.3287,0.1667,0.0044,Dirtiness
589,120,140,1364,40,0.3123,0.5243,0.8889,0.0117,Other_Faults
590,22,143,1378,40,0.0189,0.8856,0.1806,0.6226,K_Scratch
591,109,127,1364,100,0.9032,0.275,0.3,0.0044,Dirtiness
592,33,78,1354,300,0.4402,0.2202,0.8571,0.0103,Other_Faults
593,100,134,1694,80,0.6517,0.4768,0.7778,0.0266,Other_Faults
594,117,143,1356,70,0.1534,0.3921,0.95,0.0148,Z_Scratch
595,122,140,1362,40,0.3069,0.5298,0.7619,0.0154,Z_Scratch
596,123,141,1358,50,0.2047,0.4667,0.8333,0.0044,Stains
597,123,181,1387,40,0.734,0.2448,0.8461,0.0079,K_Scratch
598,108,133,1360,175,0.0809,0.5323,0.5517,0.0118,Bumps
599,129,151,1364,70,0.7551,0.4394,0.2727,0.0161,Other_Faults
600,85,120,1687,80,0.0948,0.5306,0.225,0.0053,Other_Faults
601,169,199,1387,40,0.4686,0.6823,0.2,0.026,Other_Faults
602,125,143,1358,50,0.5552,0.5,0.6667,0.003,Stains
603,112,135,1356,40,0.1195,0.5322,0.9474,0.0133,Other_Faults
604,23,141,1400,40,0.0586,0.6156,0.8962,0.1307,K_Scratch
605,61,124,1360,200,0.4823,0.1962,0.5789,0.014,Other_Faults
606,69,127,1690,70,0.271,0.3571,0.8571,0.0071,Bumps
607,30,141,1400,40,0.0557,0.4647,0.9503,0.1093,K_Scratch
608,102,135,1656,100,0.6304,0.2625,0.8,0.0048,Other_Faults
609,99,125,1623,100,0.971,0.3426,0.3333,0.0037,Pastry
610,64,118,1360,100,0.6544,0.3064,0.0522,0.2537,Other_Faults
611,62,111,1687,150,0.6888,0.1981,0.15,0.0053,Pastry
612,81,127,1687,100,0.6485,0.281,1.0,0.0065,Other_Faults
613,47,127,1358,40,0.0604,0.4336,0.3584,0.1274,K_Scratch
614,122,142,1372,40,0.7507,0.6098,0.5454,0.0088,Other_Faults
615,105,132,1352,70,0.0251,0.5125,0.625,0.0118,Z_Scratch
616,92,143,1366,40,0.2094,0.7878,0.3667,0.0564,Other_Faults
617,113,151,1370,80,0.5504,0.7354,0.2105,0.0416,Bumps
618,92,126,1364,100,0.9076,0.4194,0.0759,0.0081,Dirtiness
619,38,141,1400,40,0.0557,0.6434,0.9744,0.1086,K_Scratch
620,48,189,1387,40,0.4831,0.2222,0.8889,0.0173,K_Scratch
621,66,159,1688,70,0.1102,0.4322,0.16,0.1037,Other_Faults
622,109,126,1366,100,0.9019,0.3492,0.2857,0.0044,Dirtiness
623,104,132,1364,80,0.4472,0.6833,0.9,0.0132,Bumps
624,21,141,1362,60,0.094,0.4103,0.0519,0.0228,Pastry
625,96,117,1626,70,0.8967,0.3675,0.7222,0.008,Bumps
626,111,135,1692,70,0.7778,0.3929,0.5833,0.0041,Pastry
627,87,126,1688,60,0.0462,0.4286,0.5385,0.0041,Other_Faults
628,42,127,1358,40,0.0574,0.5404,0.4637,0.1318,K_Scratch
629,125,143,1364,100,0.1437,0.5921,0.197,0.0484,Bumps
630,111,140,1360,50,0.8177,0.4,0.8,0.0037,Stains
631,77,133,1696,100,0.625,0.3223,1.0,0.0065,Other_Faults
632,76,108,1687,80,0.0498,0.2415,0.1818,0.0047,Pastry
633,48,101,1354,70,0.0118,0.3563,0.236,0.0155,Z_Scratch
634,90,125,1696,90,0.2123,0.3056,0.2813,0.0053,Pastry
635,37,124,1356,40,0.0605,0.5003,0.4157,0.1224,K_Scratch
636,103,118,1364,40,0.2243,0.3933,0.6667,0.0073,Other_Faults
637,64,134,1692,143,0.5638,0.2467,0.7857,0.0065,Bumps
638,72,124,1360,40,0.2338,0.2227,0.194,0.0096,Pastry
639,40,127,1358,40,0.0604,0.4893,0.3989,0.1311,K_Scratch
640,41,141,1400,40,0.0557,0.5838,0.9484,0.105,K_Scratch
641,91,123,1623,100,0.8651,0.3419,0.9565,0.0142,Other_Faults
642,151,172,1353,100,0.1596,0.4167,0.45,0.0066,Other_Faults
643,102,123,1623,100,0.3808,0.4135,0.6154,0.008,Other_Faults
644,114,133,1372,40,0.4621,0.5731,0.9474,0.0131,Other_Faults
645,32,143,1398,40,0.0558,0.6009,0.9942,0.1238,K_Scratch
646,111,141,1364,100,0.9091,0.6445,0.1478,0.0125,Dirtiness
647,38,126,1356,40,0.0546,0.4604,0.3778,0.1327,K_Scratch
648,77,118,1356,70,0.0723,0.4177,0.3188,0.0162,Z_Scratch
649,120,140,1358,50,0.9602,0.48,0.5,0.0074,Stains
650,83,133,1306,40,0.6478,0.2801,0.6765,0.0176,Bumps
651,61,95,1690,211,0.0722,0.4333,0.6,0.0036,Bumps
652,107,124,1387,40,0.3115,0.2639,1.0,0.0087,Other_Faults
653,30,141,1400,40,0.0557,0.5249,0.9314,0.125,K_Scratch
654,109,149,1360,50,0.8809,0.2,0.8,0.0037,Stains
655,76,132,1364,40,0.5308,0.3151,0.4561,0.0191,Bumps
656,51,87,1686,150,0.0047,0.5625,0.8,0.0047,Other_Faults
657,29,84,1356,70,0.0148,0.5436,0.2292,0.0162,Z_Scratch
658,80,108,1692,300,0.3002,0.5993,0.4787,0.0266,Other_Faults
659,93,124,1352,100,0.2441,0.2292,1.0,0.0089,Bumps
660,95,118,1346,40,0.0609,0.3316,1.0,0.0104,Other_Faults
661,78,130,1353,50,0.776,0.3038,0.65,0.0096,Bumps
662,56,128,1692,80,0.1123,0.3623,0.8438,0.0189,Bumps
663,115,140,1687,100,0.3545,0.1827,0.6154,0.0047,Other_Faults
664,97,124,1687,70,0.4031,0.3303,0.6818,0.0089,Bumps
665,50,126,1360,40,0.0632,0.4032,0.3835,0.0978,K_Scratch
666,110,127,1352,40,0.0532,0.4444,0.3333,0.0044,Dirtiness
667,46,126,1358,40,0.0574,0.4627,0.3864,0.1296,K_Scratch
668,50,124,1362,200,0.8766,0.2668,0.6071,0.0125,Bumps
669,107,126,1320,40,0.2303,0.5855,0.4211,0.0061,Bumps
670,115,133,1370,40,0.5051,0.4485,0.3667,0.008,Other_Faults
671,97,132,1687,80,0.7516,0.2,0.8,0.0059,Other_Faults
672,115,135,1362,40,0.1894,0.4812,0.6786,0.0206,K_Scratch
673,114,141,1356,70,0.2596,0.4202,0.8235,0.0125,Z_Scratch
674,93,111,1358,70,0.3314,0.5913,0.8125,0.0118,Z_Scratch
675,45,126,1356,40,0.0575,0.3443,0.3974,0.1114,K_Scratch
676,114,135,1358,40,0.1605,0.7061,0.975,0.0589,K_Scratch
677,41,84,1356,70,0.0251,0.5294,0.5882,0.0074,Z_Scratch
678,73,100,1333,40,0.0,0.5625,0.2083,0.0075,Pastry
679,41,126,1356,40,0.0575,0.4716,0.4046,0.1276,K_Scratch
680,85,124,1362,175,0.1909,0.2562,1.0,0.0081,Bumps
681,118,134,1687,200,0.6224,0.4408,0.2105,0.0225,Other_Faults
682,78,124,1358,70,0.2032,0.557,0.246,0.0339,Z_Scratch
683,85,111,1362,80,0.4141,0.3,0.6667,0.011,Bumps
684,80,119,1387,40,0.2322,0.0595,0.2917,0.005,Pastry
685,96,125,1690,60,0.4402,0.4722,0.8889,0.0053,Bumps
686,96,133,1687,200,0.0,0.303,0.5238,0.0065,Other_Faults
687,117,140,1360,40,0.2015,0.5904,0.9394,0.0243,Other_Faults
688,52,148,1687,150,0.5169,0.3616,0.5,0.0101,Other_Faults
689,113,141,1358,50,0.9146,0.3333,0.5,0.0044,Stains
690,73,127,1362,40,0.0896,0.4759,0.3158,0.1116,K_Scratch
691,38,140,1402,40,0.0585,0.6119,0.8849,0.1041,K_Scratch
692,41,126,1358,40,0.0604,0.4121,0.3699,0.1274,K_Scratch
693,63,101,1687,80,0.0,0.4503,0.125,0.0083,Other_Faults
694,19,134,1387,40,0.0216,0.3238,0.3252,0.0966,Other_Faults
695,84,133,1362,40,0.8194,0.2299,0.6471,0.0161,Other_Faults
696,92,118,1348,70,0.0,0.3235,0.3529,0.0044,Z_Scratch
697,71,132,1688,150,0.4088,0.2333,0.8333,0.0059,Other_Faults
698,41,71,1356,70,0.0266,0.3854,0.375,0.0044,Z_Scratch
699,111,135,1687,200,0.0071,0.4508,0.4583,0.0065,Other_Faults
700,70,103,1360,200,0.0485,0.83,0.2218,0.0463,Other_Faults
701,120,140,1352,40,0.3269,0.6667,0.375,0.0178,Other_Faults
702,109,247,1692,80,0.6217,0.8011,0.4333,0.0887,Other_Faults
703,91,124,1356,70,0.7861,0.3485,0.9167,0.0088,Other_Faults
704,118,135,1358,50,0.4521,0.4896,0.6667,0.0088,Stains
705,81,132,1658,100,0.5235,0.2372,0.9231,0.0072,Other_Faults
706,46,124,1358,40,0.0574,0.4405,0.3559,0.1303,K_Scratch
707,118,141,1364,40,0.2771,0.6539,0.9286,0.0103,Other_Faults
708,77,124,1692,70,0.4007,0.2188,0.8,0.0095,Bumps
709,70,95,1715,50,0.0023,0.15,0.5333,0.0047,Other_Faults
710,42,126,1358,40,0.0574,0.4926,0.3931,0.1274,K_Scratch
711,123,141,1630,100,0.2638,0.287,0.2174,0.0141,Other_Faults
712,128,141,1358,50,0.2312,0.4,0.8,0.0037,Stains
713,40,135,1666,40,0.2917,0.5734,0.9007,0.0762,K_Scratch
714,79,126,1626,70,0.7589,0.3254,1.0,0.008,Bumps
715,87,134,1626,125,0.5646,0.4271,0.5,0.0074,Pastry
716,56,126,1364,200,0.0997,0.2056,0.8,0.0088,Bumps
717,104,119,1350,40,0.0415,0.45,0.7143,0.0074,Bumps
718,91,134,1656,80,0.7729,0.2,0.8,0.006,Other_Faults
719,24,148,1400,40,0.0,0.4732,0.9087,0.1643,K_Scratch
720,43,125,1356,40,0.0605,0.4294,0.3941,0.1254,K_Scratch
721,22,86,1358,70,0.0147,0.5551,0.1569,0.0236,Z_Scratch
722,83,132,1687,80,0.7694,0.5097,0.0876,0.0071,Other_Faults
723,29,140,1400,40,0.0614,0.5249,0.9942,0.1229,K_Scratch
724,42,124,1358,40,0.0574,0.3901,0.358,0.1296,K_Scratch
725,111,126,1358,40,0.0353,0.4074,0.3333,0.0044,Dirtiness
726,110,127,1372,40,0.5058,0.5221,0.3542,0.0124,Other_Faults
727,84,116,1362,80,0.4097,0.6357,0.7,0.0147,Bumps
728,38,125,1356,40,0.0575,0.4319,0.3333,0.1305,K_Scratch
729,112,150,1368,80,0.5716,0.7529,0.6207,0.0212,Bumps
730,78,127,1364,40,0.9546,0.2788,0.6818,0.011,Bumps
731,147,166,1353,200,0.0369,0.3726,0.3529,0.0044,Other_Faults
732,0,39,1346,100,0.0906,0.6521,0.255,0.0282,Other_Faults
733,49,140,1400,40,0.0557,0.6448,0.858,0.0993,K_Scratch
734,85,134,1356,100,0.6401,0.4542,0.0553,0.3466,Other_Faults
735,88,119,1354,70,0.0295,0.4818,0.8095,0.0126,Z_Scratch
736,109,140,1358,50,0.7158,0.4286,0.5714,0.0052,Stains
737,39,125,1358,40,0.0574,0.4544,0.3743,0.1318,K_Scratch
738,88,118,1656,80,0.8659,0.2,0.9091,0.006,Bumps
739,34,135,1402,40,0.0556,0.5253,0.4839,0.1106,K_Scratch
740,42,140,1402,40,0.0585,0.5908,0.9535,0.117,K_Scratch
741,93,132,1364,70,0.7507,0.4394,0.9167,0.0088,Other_Faults
742,179,197,1353,200,0.1863,0.399,0.6111,0.0081,Other_Faults
743,74,132,1360,40,0.0941,0.4587,0.4173,0.1022,K_Scratch
744,30,141,1398,40,0.0558,0.5916,0.9942,0.123,K_Scratch
745,141,182,1387,40,0.6143,0.19,1.0,0.0072,K_Scratch
746,117,135,1364,40,0.2874,0.4872,0.6923,0.0095,Other_Faults
747,47,126,1358,40,0.0574,0.3884,0.4,0.1141,K_Scratch
748,87,116,1633,300,0.0894,0.5718,0.5538,0.0398,Other_Faults
749,79,101,1370,80,0.8,0.3462,0.1539,0.019,Other_Faults
750,53,148,1687,150,0.3912,0.2189,0.5,0.0077,Pastry
751,46,124,1360,40,0.075,0.3545,0.3884,0.089,K_Scratch
752,103,143,1692,143,0.9846,0.5031,0.3043,0.0136,Other_Faults
753,118,141,1358,200,0.1075,0.4524,0.6429,0.0103,Other_Faults
754,11,143,1687,150,0.1849,0.4772,0.1343,0.0213,Pastry
755,61,126,1373,40,0.3438,0.2915,0.6842,0.0095,K_Scratch
756,71,101,1692,70,0.013,0.485,0.9048,0.0225,Bumps
757,97,124,1360,130,0.4838,0.2528,0.5385,0.0052,Other_Faults
758,91,119,1626,70,0.9213,0.2778,0.8889,0.0049,Bumps
759,93,119,1364,70,0.9897,0.4462,0.4333,0.0095,Other_Faults
760,130,150,1698,85,0.6572,0.4412,0.4706,0.01,Bumps
761,123,141,1362,100,0.1836,0.494,0.5833,0.0176,Bumps
762,112,132,1356,70,0.3097,0.6039,0.7857,0.0103,Z_Scratch
763,119,132,1358,50,0.0928,0.375,1.0,0.003,Stains
764,38,124,1358,40,0.0633,0.3191,0.3807,0.1141,K_Scratch
765,63,106,1687,80,0.0,0.4771,0.1359,0.0083,Other_Faults
766,114,134,1692,70,0.6324,0.5598,0.3256,0.0254,Other_Faults
767,43,140,1666,40,0.2893,0.572,0.8561,0.0714,K_Scratch
768,25,141,1400,40,0.0557,0.5799,0.9459,0.125,K_Scratch
769,45,125,1360,40,0.0603,0.3514,0.3758,0.1154,K_Scratch
770,75,118,1373,40,0.0015,0.2766,0.359,0.0102,Pastry
771,40,140,1402,40,0.0585,0.5815,0.8837,0.1084,K_Scratch
772,77,103,1692,70,0.0319,0.4937,0.2581,0.0142,Bumps
773,89,126,1696,60,0.2736,0.3285,0.3913,0.0053,Other_Faults
774,38,127,1358,40,0.0604,0.4237,0.3918,0.1259,K_Scratch
775,91,126,1696,90,0.1309,0.3724,0.1429,0.0082,Pastry
776,90,133,1687,200,0.0,0.2083,0.375,0.0071,Other_Faults
777,45,125,1358,40,0.0604,0.4089,0.3728,0.1244,K_Scratch
778,104,126,1358,40,0.2931,0.3631,0.8571,0.0103,Bumps
779,70,93,1354,70,0.0369,0.6042,1.0,0.0089,Z_Scratch
780,21,143,1400,40,0.0586,0.5179,0.8829,0.1293,K_Scratch
781,44,142,1404,40,0.0556,0.5758,0.9398,0.1111,K_Scratch
782,91,125,1696,60,0.5719,0.2188,0.6667,0.0047,Other_Faults
783,45,126,1356,40,0.0605,0.3514,0.396,0.1099,K_Scratch
784,95,118,1356,70,0.3319,0.4115,0.5789,0.014,Z_Scratch
785,21,149,1400,40,0.0557,0.8817,0.2892,0.4964,K_Scratch
786,99,140,1687,200,0.0166,0.3182,0.4545,0.0059,Other_Faults
787,90,125,1358,175,0.8763,0.4111,0.4,0.0088,Bumps
788,27,124,1358,50,0.0044,0.8487,0.1591,0.5692,K_Scratch
789,178,207,1387,40,0.7585,0.25,0.7273,0.0058,K_Scratch
790,96,127,1354,70,0.2083,0.6213,0.2808,0.0303,Z_Scratch
791,79,127,1362,40,0.931,0.2727,0.9546,0.0154,Bumps
792,108,127,1352,40,0.679,0.3258,0.9167,0.0081,Bumps
793,113,135,1354,40,0.6647,0.5221,0.4706,0.0059,Bumps
794,63,127,1698,90,0.2474,0.5187,0.2023,0.0106,Pastry
795,84,124,1364,80,0.4164,0.6387,0.8095,0.0154,Bumps
796,105,139,1353,50,0.1419,0.4911,0.7778,0.0266,Bumps
797,29,141,1398,40,0.0558,0.4841,0.867,0.1238,K_Scratch
798,82,127,1690,70,0.9846,0.5347,0.8,0.0142,Bumps
799,71,133,1684,70,0.5534,0.2733,0.6667,0.0089,Bumps
800,116,141,1352,40,0.0459,0.5167,0.3,0.0044,Dirtiness
801,108,125,1362,200,0.3025,0.5048,0.9333,0.0103,Other_Faults
802,161,182,1387,40,0.6388,0.0972,0.8889,0.0058,K_Scratch
803,100,133,1358,40,0.458,0.2593,0.75,0.0066,Bumps
804,111,132,1358,40,0.0383,0.2,0.2778,0.0037,Dirtiness
805,87,124,1360,200,0.0559,0.6154,0.1477,0.0191,Other_Faults
806,111,143,1694,143,0.294,0.5734,0.4043,0.0277,Other_Faults
807,40,78,1356,70,0.0752,0.4852,0.3704,0.0074,Z_Scratch
808,82,126,1360,40,0.5206,0.275,0.625,0.0118,Bumps
809,99,126,1360,40,0.8088,0.5245,0.7083,0.0125,Bumps
810,58,93,1694,211,0.7332,0.4167,0.3333,0.0035,Pastry
811,79,124,1353,120,0.0207,0.3825,0.4516,0.0104,Dirtiness
812,108,135,1362,50,0.2599,0.3333,0.75,0.0022,Stains
813,41,133,1356,40,0.0575,0.4233,0.3771,0.1291,K_Scratch
814,100,123,1467,120,0.4976,0.4675,0.6364,0.0048,Bumps
815,96,127,1308,40,0.1086,0.4282,0.2885,0.0115,Bumps
816,30,135,1402,40,0.0585,0.5411,0.8935,0.1077,K_Scratch
817,81,103,1354,70,0.0325,0.4872,0.6923,0.0066,Z_Scratch
818,55,127,1387,50,0.9257,0.2888,0.2791,0.0087,Pastry
819,7,86,1692,300,0.2872,0.3972,0.2391,0.0065,Other_Faults
820,67,133,1627,40,0.3995,0.2042,0.9375,0.0092,Other_Faults
821,118,149,1650,100,0.457,0.3929,0.8571,0.0073,Bumps
822,76,101,1354,70,0.1359,0.5217,0.3043,0.017,Other_Faults
823,55,134,1687,200,0.9923,0.1484,0.9286,0.0077,Bumps
824,95,127,1692,70,0.4421,0.2031,0.5,0.0047,Pastry
825,122,141,1356,50,0.1593,0.3571,0.5714,0.0052,Stains
826,179,197,1353,200,0.9534,0.4242,0.8182,0.0066,Other_Faults
827,100,124,1354,70,0.3264,0.3951,0.5556,0.0111,Z_Scratch
828,103,145,1690,60,0.2237,0.36,1.0,0.0059,Bumps
829,103,140,1364,40,0.0704,0.5594,0.068,0.3878,Bumps
830,27,148,1400,40,0.0557,0.5019,0.9639,0.1336,K_Scratch
831,80,134,1360,200,0.1441,0.4289,0.3483,0.0515,Other_Faults
832,107,127,1604,40,0.6733,0.4208,0.8214,0.0143,Other_Faults
833,77,127,1362,40,0.8473,0.3122,0.6429,0.0198,Bumps
834,91,119,1692,60,0.8617,0.2917,0.75,0.0047,Bumps
835,40,126,1358,40,0.0604,0.436,0.4314,0.1127,K_Scratch
836,114,143,1650,69,0.223,0.5347,0.2222,0.0218,Dirtiness
837,86,124,1373,40,0.0131,0.22,0.6667,0.0073,Other_Faults
838,48,84,1656,80,0.0374,0.4103,0.3462,0.0054,Other_Faults
839,118,135,1358,40,0.028,0.2762,0.2381,0.0037,Bumps
840,110,141,1362,50,0.8532,0.4375,0.5,0.0059,Stains
841,115,143,1650,69,0.2206,0.5389,0.45,0.0121,Other_Faults
842,175,190,1353,200,0.1508,0.5,0.5833,0.0052,Other_Faults
843,191,207,1353,200,0.2661,0.1111,0.4444,0.0066,Other_Faults
844,112,126,1364,40,0.0308,0.5145,0.7826,0.0132,Other_Faults
845,106,128,1392,220,0.7974,0.4143,0.35,0.005,Pastry
846,195,213,1387,40,0.4585,0.1556,0.9,0.0072,K_Scratch
847,90,116,1356,70,0.6431,0.3823,0.3529,0.0044,Z_Scratch
848,110,132,1356,40,0.031,0.3333,0.2143,0.0044,Bumps
849,75,140,1690,70,0.671,0.2308,0.8461,0.0077,Bumps
850,35,84,1688,150,0.0047,0.4377,0.2727,0.0053,Other_Faults
851,113,141,1687,200,0.971,0.5,0.8,0.0142,Other_Faults
852,82,132,1687,80,0.4019,0.7516,0.7917,0.0569,Bumps
853,103,132,1364,100,0.7771,0.3,0.45,0.0066,Other_Faults
854,78,101,1356,70,0.0929,0.3808,0.5588,0.014,Z_Scratch
855,62,92,1694,211,0.7355,0.375,0.6667,0.0047,Pastry
856,99,127,1360,40,0.5074,0.3208,0.9375,0.011,Bumps
857,85,122,1353,70,0.2661,0.2261,0.3103,0.0066,Bumps
858,86,103,1356,70,0.2227,0.3444,0.9,0.0074,Other_Faults
859,90,132,1687,200,0.6224,0.2852,0.1852,0.0059,Pastry
860,67,94,1656,80,0.0519,0.45,0.4,0.0048,Bumps
861,118,143,1648,69,0.9685,0.5185,0.1852,0.0164,Other_Faults
862,101,130,1362,120,0.4611,0.1852,1.0,0.0066,Other_Faults
863,99,121,1687,70,0.9401,0.3542,0.75,0.0047,Other_Faults
864,38,124,1358,40,0.0604,0.4556,0.3931,0.1274,K_Scratch
865,82,124,1362,80,0.3965,0.5371,0.7391,0.0169,Bumps
866,72,109,1688,60,0.013,0.251,0.3333,0.0053,Pastry
867,41,135,1400,40,0.0557,0.4668,0.6471,0.0971,K_Scratch
868,51,124,1373,40,0.0714,0.2186,0.3421,0.0095,Pastry
869,145,159,1353,100,0.1523,0.4,0.45,0.0066,Other_Faults
870,114,135,1354,70,0.1226,0.4444,0.8182,0.0066,Other_Faults
871,95,127,1362,40,0.069,0.3848,0.2553,0.0088,Other_Faults
872,38,127,1400,40,0.0586,0.3379,0.3571,0.1,K_Scratch
873,110,140,1360,50,0.8073,0.3333,0.6667,0.0044,Stains
874,80,103,1692,300,0.2801,0.5861,0.3623,0.0148,Other_Faults
875,109,135,1668,100,0.1103,0.48,0.44,0.015,Other_Faults
876,81,126,1356,200,0.8687,0.375,0.6,0.0088,Other_Faults
877,116,143,1708,100,0.6124,0.5376,0.7368,0.0111,Z_Scratch
878,22,143,1400,40,0.0586,0.8429,0.2594,0.4957,K_Scratch
879,45,125,1362,40,0.0749,0.4024,0.3952,0.091,K_Scratch
880,82,116,1364,80,0.4047,0.6534,0.7273,0.0161,Bumps
881,61,119,1373,40,0.0073,0.3229,0.75,0.0087,Other_Faults
882,173,196,1353,100,0.235,0.4299,0.7647,0.0096,Other_Faults
883,127,141,1627,40,0.6552,0.433,0.4884,0.0129,Other_Faults
884,22,141,1398,40,0.0501,0.5,0.9771,0.1252,K_Scratch
885,109,127,1354,70,0.3575,0.45,1.0,0.0074,Z_Scratch
886,79,127,1688,70,0.5521,0.2083,1.0,0.0071,Bumps
887,105,126,1358,40,0.0898,0.4444,0.7778,0.0103,Bumps
888,115,132,1356,40,0.5369,0.3377,0.7857,0.0081,Bumps
889,104,127,1356,70,0.1431,0.3636,0.9091,0.0074,Other_Faults
890,44,95,1387,50,0.013,0.4195,0.2069,0.0043,Other_Faults
891,48,126,1358,40,0.0604,0.4663,0.3869,0.1237,K_Scratch
892,98,119,1354,70,0.2541,0.4714,0.35,0.0052,Z_Scratch
893,106,127,1670,40,0.7689,0.5621,0.1177,0.0611,Other_Faults
894,115,133,1356,50,0.4602,0.5429,0.7143,0.0052,Stains
895,99,123,1360,100,0.1456,0.2889,0.4,0.0044,Pastry
896,33,140,1373,40,0.1034,0.3902,0.0837,0.0153,Pastry
897,110,134,1356,175,0.41,0.27,0.25,0.0037,Other_Faults
898,120,143,1658,100,0.8818,0.5852,0.6,0.0091,Bumps
899,90,124,1364,80,0.4091,0.5249,0.7647,0.0125,Bumps
900,98,116,1696,60,0.5613,0.2941,1.0,0.01,Bumps
901,102,141,1360,50,0.9765,0.4286,0.5714,0.0052,Stains
902,121,141,1353,70,0.0,0.6368,0.425,0.0126,Other_Faults
903,21,148,1402,40,0.0043,0.5273,0.9227,0.1569,K_Scratch
904,103,135,1708,100,0.644,0.2431,0.4444,0.0047,Other_Faults
905,91,124,1682,60,0.8537,0.3039,0.3529,0.0036,Pastry
906,82,116,1353,300,0.3917,0.4882,0.2286,0.0236,Other_Faults
907,75,123,1687,80,0.6011,0.2267,0.6667,0.0059,Other_Faults
908,94,140,1392,220,0.6638,0.2083,0.5625,0.0065,Pastry
909,42,84,1692,70,0.0071,0.2619,0.6429,0.0053,Other_Faults
910,61,124,1362,40,0.3348,0.5225,0.5319,0.0184,Bumps
911,55,94,1656,80,0.0519,0.2667,0.2381,0.006,Other_Faults
912,94,132,1710,100,0.7181,0.3021,0.6667,0.0047,Pastry
913,91,125,1364,70,0.5337,0.3131,0.8182,0.0081,Other_Faults
914,36,116,1654,80,0.9383,0.4062,0.8571,0.0254,Other_Faults
915,112,125,1360,40,0.6941,0.3636,0.5454,0.0044,Other_Faults
916,110,132,1626,70,0.3911,0.2727,0.8461,0.0068,Bumps
917,120,141,1360,50,0.4397,0.65,0.6,0.0074,Stains
918,97,141,1658,100,0.0338,0.2955,0.3636,0.0048,Other_Faults
919,95,116,1654,100,0.0411,0.3462,0.4615,0.0036,Pastry
920,77,134,1694,80,0.758,0.2868,0.9412,0.0094,Other_Faults
921,49,126,1626,120,0.2202,0.3214,0.5,0.0086,Pastry
922,133,151,1364,70,0.6613,0.5189,0.7241,0.0213,Other_Faults
923,22,143,1404,40,0.0,0.7612,0.5367,0.3105,K_Scratch
924,95,127,1354,80,0.5081,0.3611,0.8889,0.0066,Other_Faults
925,96,126,1356,70,0.2876,0.4938,0.3433,0.017,Z_Scratch
926,68,127,1698,90,0.106,0.3941,0.1471,0.0088,Pastry
927,107,126,1353,70,0.6637,0.6018,0.1439,0.1027,Other_Faults
928,101,134,1652,70,0.3632,0.5059,0.8571,0.0073,Other_Faults
929,44,101,1354,70,0.0399,0.3095,0.2339,0.0214,Z_Scratch
930,90,127,1624,70,0.1244,0.2308,0.9286,0.008,Bumps
931,18,143,1398,40,0.0,0.5289,0.8839,0.1602,K_Scratch
932,120,140,1360,40,0.2132,0.3287,0.5172,0.0213,Other_Faults
933,100,151,1358,70,0.0206,0.4929,0.3571,0.0074,Bumps
934,39,127,1362,40,0.0631,0.4088,0.3333,0.1035,K_Scratch
935,102,124,1666,40,0.3529,0.24,0.6667,0.006,Other_Faults
936,127,141,1358,50,0.7894,0.5,1.0,0.0044,Stains
937,91,126,1358,40,0.4595,0.2667,0.8333,0.0074,Bumps
938,102,124,1358,70,0.1252,0.4455,0.9091,0.0081,Z_Scratch
939,98,127,1646,69,0.0693,0.3769,0.7692,0.0061,Bumps
940,29,111,1692,300,0.0969,0.5196,0.4419,0.0225,Other_Faults
941,93,126,1358,100,0.3004,0.4293,0.2045,0.0066,Bumps
942,36,140,1400,40,0.0557,0.5849,0.9576,0.1129,K_Scratch
943,110,140,1356,70,0.4749,0.7437,1.0,0.0258,Z_Scratch
944,37,141,1402,40,0.0585,0.4568,0.9042,0.1077,K_Scratch
945,69,108,1650,69,0.0618,0.3583,0.4167,0.0061,Pastry
946,89,116,1362,80,0.4185,0.4952,0.4762,0.0154,Bumps
947,116,134,1360,40,0.4177,0.4466,0.0685,0.0537,Other_Faults
948,101,134,1362,40,0.3877,0.2367,1.0,0.0095,Bumps
949,85,124,1354,70,0.1078,0.4421,0.6333,0.014,Z_Scratch
950,99,125,1364,70,0.368,0.3232,0.8182,0.0066,Bumps
951,94,124,1356,70,0.1976,0.5888,0.2529,0.0162,Z_Scratch
952,28,141,1402,40,0.0556,0.529,0.8106,0.1205,K_Scratch
953,105,126,1698,60,0.9411,0.2143,0.8571,0.0041,Other_Faults
954,27,142,1400,40,0.0557,0.5398,0.7936,0.1236,K_Scratch
955,61,135,1366,80,0.1215,0.3025,0.64,0.0117,Bumps
956,99,143,1364,100,0.9106,0.4944,0.1236,0.0081,Dirtiness
957,97,132,1646,80,0.6464,0.34,1.0,0.0061,Bumps
958,15,119,1387,50,0.1629,0.3029,0.371,0.0166,Pastry
959,97,118,1360,80,0.3603,0.5662,0.4706,0.0125,Other_Faults
960,95,127,1353,70,0.4922,0.4497,0.0849,0.0066,Other_Faults
961,90,116,1712,100,0.7418,0.2546,0.9091,0.0058,Other_Faults
962,90,140,1362,185,0.4302,0.3214,0.8571,0.0088,Other_Faults
963,95,127,1364,100,0.9164,0.3864,0.1136,0.0073,Dirtiness
964,161,175,1353,100,0.5647,0.452,0.4,0.0074,Other_Faults
965,56,99,1687,80,0.0,0.3686,0.1429,0.0125,Other_Faults
966,91,132,1708,100,0.6405,0.4622,0.9512,0.024,Other_Faults
967,112,143,1358,50,0.1959,0.625,0.5,0.0059,Stains
968,112,133,1356,70,0.1711,0.4727,0.9091,0.0074,Z_Scratch
969,38,124,1356,40,0.0605,0.4727,0.386,0.1261,Other_Faults
970,172,189,1353,200,0.1478,0.3036,0.875,0.0052,Other_Faults
971,121,151,1370,69,0.4672,0.57,0.6667,0.0197,Other_Faults
972,48,133,1356,40,0.0605,0.4568,0.5168,0.1099,K_Scratch
973,97,124,1352,70,0.1612,0.4833,0.6,0.0089,Z_Scratch
974,157,206,1387,40,0.8118,0.1477,0.7273,0.0058,K_Scratch
975,107,126,1354,40,0.966,0.3956,0.5385,0.0052,Other_Faults
976,105,127,1687,80,0.4576,0.3646,0.6667,0.0071,Other_Faults
977,77,119,1387,40,0.0072,0.3982,0.7647,0.0123,Other_Faults
978,105,127,1358,70,0.2445,0.4306,0.4444,0.0059,Z_Scratch
979,71,126,1690,120,0.3101,0.276,0.75,0.0071,Bumps
980,93,125,1353,120,0.0266,0.3333,0.1358,0.0081,Dirtiness
981,102,124,1354,40,0.0325,0.2143,0.3571,0.0037,Bumps
982,85,111,1356,70,0.0354,0.4383,0.6364,0.0103,Z_Scratch
983,82,126,1360,40,0.5206,0.275,0.625,0.0118,Bumps
984,82,125,1364,80,0.0616,0.4653,0.4444,0.0117,Bumps
985,162,181,1353,100,0.1626,0.3862,0.2593,0.0052,Other_Faults
986,99,119,1656,100,0.5821,0.4938,0.4,0.0048,Pastry
987,36,133,1687,150,0.5347,0.2533,0.2308,0.0089,Pastry
988,97,126,1358,70,0.109,0.2619,0.4286,0.0044,Other_Faults
989,105,143,1358,50,0.8468,0.4333,0.8333,0.0044,Stains
990,111,135,1356,70,0.2714,0.4476,0.2381,0.0155,Z_Scratch
991,102,127,1692,70,0.3794,0.3778,0.9,0.0059,Other_Faults
992,79,118,1352,70,0.0,0.5847,0.34,0.0126,Z_Scratch
993,46,127,1358,40,0.0574,0.4111,0.3663,0.1267,K_Scratch
994,72,104,1687,80,0.0,0.4959,0.125,0.0119,Other_Faults
995,97,134,1358,70,0.5847,0.5067,0.36,0.0132,Z_Scratch
996,53,126,1364,80,0.5352,0.3568,0.9688,0.0227,Other_Faults
997,104,126,1354,70,0.034,0.5392,0.7059,0.0126,Z_Scratch
998,46,127,1400,40,0.0557,0.35,0.4014,0.1014,K_Scratch
999,51,93,1358,70,0.0,0.5167,0.1167,0.0103,Z_Scratch
1000,86,125,1687,50,0.9816,0.2244,0.063,0.0047,Dirtiness
1001,101,141,1694,60,0.242,0.3091,0.7333,0.0088,Bumps
1002,84,124,1364,80,0.4047,0.6804,0.8696,0.0169,Bumps
1003,85,124,1690,60,0.8805,0.4336,0.5909,0.0077,Bumps
1004,47,125,1387,40,0.1312,0.3565,0.2063,0.0094,Pastry
1005,0,156,1336,40,0.0284,0.9439,0.0083,0.1123,K_Scratch
1006,42,126,1356,40,0.0575,0.3333,0.3701,0.1136,K_Scratch
1007,25,150,1398,40,0.0529,0.6342,0.9912,0.1602,K_Scratch
1008,99,125,1356,70,0.7552,0.6667,0.9524,0.0148,Z_Scratch
1009,86,124,1696,90,0.1262,0.4303,0.3333,0.0082,Pastry
1010,87,111,1360,300,0.4632,0.4259,0.75,0.0088,Other_Faults
1011,84,126,1350,50,0.117,0.4091,0.3438,0.0082,Pastry
1012,108,134,1362,100,0.0676,0.3726,0.5294,0.0066,Bumps
1013,99,124,1690,70,0.1183,0.42,0.6667,0.0059,Other_Faults
1014,84,111,1356,70,0.0133,0.5069,0.5625,0.0118,Z_Scratch
1015,87,127,1687,80,0.6283,0.1198,0.3333,0.0047,Other_Faults
1016,117,141,1652,69,0.2385,0.4509,0.2857,0.017,Dirtiness
1017,86,126,1694,100,0.8371,0.2857,0.7778,0.0053,Bumps
1018,87,134,1358,40,0.6097,0.3151,0.6667,0.0177,K_Scratch
1019,65,126,1360,100,0.0353,0.292,0.1,0.0037,Pastry
1020,80,116,1354,70,0.0576,0.552,0.1243,0.0155,Z_Scratch
1021,77,111,1373,40,0.0015,0.1739,0.3913,0.0066,Pastry
1022,50,108,1627,40,0.8494,0.5524,0.4658,0.0209,Other_Faults
1023,85,118,1356,70,0.1047,0.6061,0.3636,0.0177,Other_Faults
1024,68,125,1354,50,0.1418,0.2593,0.3714,0.0096,Pastry
1025,59,132,1364,100,0.456,0.3018,0.2667,0.0088,Bumps
1026,74,126,1698,90,0.0106,0.1864,0.2903,0.0053,Pastry
1027,116,134,1356,40,0.4144,0.5793,0.0862,0.0428,Other_Faults
1028,39,135,1360,40,0.0573,0.4957,0.4336,0.1051,K_Scratch
1029,97,134,1360,40,0.7338,0.175,0.8,0.0059,Other_Faults
1030,111,126,1360,40,0.2015,0.5152,0.5758,0.0243,Other_Faults
1031,103,135,1364,80,0.2889,0.5513,0.197,0.0484,Bumps
1032,108,134,1362,80,0.1454,0.5268,0.875,0.0117,Bumps
1033,106,125,1353,70,0.7406,0.2308,0.0769,0.0037,Other_Faults
1034,105,125,1362,40,0.5448,0.5086,0.56,0.0103,Bumps
1035,38,103,1670,40,0.2695,0.4556,0.405,0.0725,K_Scratch
1036,104,133,1354,40,0.9764,0.3636,0.6111,0.0081,Bumps
1037,97,132,1358,100,0.6348,0.6116,0.0913,0.1532,Other_Faults
1038,95,132,1682,70,0.805,0.2333,0.9,0.0054,Bumps
1039,119,135,1362,40,0.1747,0.4447,0.3962,0.0389,Z_Scratch
1040,92,127,1356,70,0.1195,0.4475,0.2364,0.0096,Z_Scratch
1041,86,115,1687,80,0.2537,0.2153,1.0,0.0071,Other_Faults
1042,57,101,1687,80,0.0,0.4583,0.0897,0.0083,Other_Faults
1043,41,134,1356,40,0.0575,0.5054,0.4195,0.1283,K_Scratch
1044,96,129,1353,50,0.6696,0.4444,0.3704,0.02,Bumps
1045,114,140,1358,50,0.9087,0.4286,0.5714,0.0052,Stains
1046,41,124,1358,40,0.0574,0.4018,0.3974,0.1149,K_Scratch
1047,27,141,1400,40,0.0557,0.5493,0.9286,0.1114,K_Scratch
1048,101,127,1650,70,0.0521,0.2315,0.75,0.0073,Other_Faults
1049,21,79,1348,40,0.0593,0.5385,0.5652,0.0096,Other_Faults
1050,83,126,1364,80,0.412,0.4259,0.8333,0.0132,Bumps
1051,56,111,1362,80,0.3348,0.1736,1.0,0.0088,Bumps
1052,162,189,1353,100,0.0591,0.3625,0.625,0.0118,Other_Faults
1053,98,125,1354,70,0.1389,0.5119,0.3429,0.0089,Z_Scratch
1054,87,127,1306,40,0.8897,0.5466,0.7172,0.0544,Bumps
1055,111,127,1654,69,0.2817,0.4231,0.1539,0.0157,Other_Faults
1056,45,125,1356,40,0.0575,0.4254,0.3432,0.1246,Other_Faults
1057,105,127,1360,50,0.8118,0.3333,0.75,0.0029,Stains
1058,113,140,1652,69,0.2324,0.592,0.8846,0.0157,Other_Faults
1059,118,143,1362,100,0.1189,0.6357,0.5357,0.0206,Bumps
1060,103,132,1356,200,0.5162,0.5454,0.3929,0.0081,Bumps
1061,92,141,1360,175,0.4353,0.3846,0.2115,0.0081,Other_Faults
1062,42,126,1358,40,0.0604,0.41,0.3486,0.1289,K_Scratch
1063,99,143,1688,100,0.2026,0.303,0.8182,0.0065,Other_Faults
1064,122,132,1358,50,0.6259,0.32,1.0,0.0037,Stains
1065,110,134,1356,40,0.0325,0.3643,0.1786,0.0037,Dirtiness
1066,120,150,1694,80,0.2231,0.6474,0.8605,0.0254,Bumps
1067,91,132,1352,100,0.6435,0.4753,0.0408,0.2175,Other_Faults
1068,177,191,1387,40,0.9575,0.1169,0.6364,0.005,K_Scratch
1069,25,143,1402,40,0.0,0.8767,0.2452,0.5906,K_Scratch
1070,113,133,1354,40,0.1374,0.5785,0.3934,0.0177,Other_Faults
1071,28,101,1692,70,0.0059,0.6587,0.7778,0.0083,Other_Faults
1072,100,133,1624,70,0.4754,0.2917,0.8889,0.0049,Bumps
1073,61,125,1688,70,0.4763,0.256,0.8571,0.0083,Bumps
1074,49,127,1358,40,0.0604,0.2729,0.2453,0.0096,Pastry
1075,178,207,1387,40,0.7527,0.35,0.8,0.0058,K_Scratch
1076,110,140,1358,50,0.8895,0.25,1.0,0.003,Stains
1077,118,141,1360,100,0.2309,0.4697,0.5454,0.0162,Bumps
1078,41,124,1358,40,0.0604,0.387,0.3616,0.1303,K_Scratch
1079,77,109,1684,70,0.1116,0.3462,0.5769,0.0089,Bumps
1080,124,140,1387,40,0.2278,0.548,0.8947,0.0137,Other_Faults
1081,79,108,1362,80,0.0441,0.3788,0.6111,0.0081,Bumps
1082,100,134,1353,185,0.2705,0.197,0.9167,0.0081,Bumps
1083,86,124,1646,80,0.8311,0.4148,0.6,0.0055,Bumps
1084,92,124,1360,100,0.8191,0.3893,0.3571,0.0074,Bumps
1085,95,134,1366,100,0.9063,0.4603,0.1,0.0081,Dirtiness
1086,85,125,1656,100,0.3623,0.2051,0.9231,0.0072,Other_Faults
1087,79,110,1692,60,0.0355,0.3036,0.5714,0.0047,Bumps
1088,54,127,1360,40,0.0603,0.3752,0.414,0.1154,K_Scratch
1089,108,134,1364,100,0.9003,0.2813,0.2857,0.0059,Dirtiness
1090,124,140,1364,130,0.5484,0.4,0.625,0.0059,Other_Faults
1091,102,135,1648,80,0.1129,0.3647,0.5882,0.0061,Bumps
1092,110,125,1362,40,0.7665,0.3214,0.4286,0.0044,Bumps
1093,46,126,1356,40,0.0605,0.4369,0.3882,0.1254,K_Scratch
1094,19,99,1687,80,0.0012,0.2673,0.1129,0.0041,Other_Faults
1095,37,126,1353,185,0.0695,0.4486,0.0662,0.0126,Pastry
1096,79,126,1633,250,0.0049,0.2717,0.5217,0.0074,Pastry
1097,106,127,1364,130,0.2757,0.1905,0.4286,0.0044,Other_Faults
1098,117,140,1690,70,0.458,0.5556,0.2778,0.0213,Other_Faults
1099,29,135,1362,40,0.0734,0.4938,0.4504,0.0962,K_Scratch
1100,100,126,1360,175,0.9632,0.5258,0.2857,0.0088,Bumps
1101,110,134,1353,200,0.0192,0.2909,0.4545,0.0081,Other_Faults
1102,111,142,1690,70,0.4686,0.1406,1.0,0.0047,Bumps
1103,144,158,1353,100,0.6031,0.3901,0.2692,0.0052,Other_Faults
1104,93,118,1353,185,0.105,0.425,0.16,0.0059,Other_Faults
1105,50,125,1362,40,0.0822,0.4022,0.4017,0.0859,K_Scratch
1106,81,128,1626,70,0.4785,0.1893,1.0,0.008,Bumps
1107,118,140,1372,40,0.793,0.5629,0.5909,0.016,Other_Faults
1108,91,127,1690,70,0.4107,0.265,0.5,0.0059,Other_Faults
1109,73,109,1694,60,0.3294,0.2182,0.9091,0.0065,Other_Faults
1110,24,142,1400,40,0.0557,0.529,0.9358,0.125,K_Scratch
1111,107,143,1364,69,0.1202,0.4205,0.7273,0.0081,Other_Faults
1112,29,71,1356,300,0.5074,0.3566,0.8461,0.0081,Other_Faults
1113,75,124,1374,40,0.9243,0.3979,0.3,0.0087,Other_Faults
1114,52,110,1692,80,0.1608,0.2353,0.85,0.01,Bumps
1115,118,142,1694,80,0.3613,0.4883,1.0,0.0094,Bumps
1116,128,175,1387,40,0.6979,0.303,0.9167,0.0079,K_Scratch
1117,70,127,1358,40,0.1075,0.4571,0.3643,0.1031,K_Scratch
1118,110,132,1354,40,0.031,0.4326,0.2,0.0052,Dirtiness
1119,36,103,1664,40,0.2861,0.4331,0.431,0.0697,K_Scratch
1120,33,124,1358,40,0.0574,0.3822,0.3399,0.1127,K_Scratch
1121,65,117,1366,175,0.0322,0.559,0.6098,0.03,Other_Faults
1122,134,149,1664,40,0.738,0.5098,0.5294,0.0102,Other_Faults
1123,89,109,1387,50,0.0389,0.25,0.45,0.0065,Bumps
1124,105,140,1658,143,0.345,0.4639,0.575,0.0483,Other_Faults
1125,78,118,1358,50,0.9808,0.2139,0.6471,0.0081,Bumps
1126,82,116,1364,80,0.4047,0.6534,0.7273,0.0161,Bumps
1127,94,133,1688,60,0.6386,0.2045,0.7273,0.0047,Bumps
1128,125,143,1362,180,0.091,0.4615,0.3846,0.0095,Other_Faults
1129,97,119,1353,70,0.405,0.5099,0.2632,0.0111,Other_Faults
1130,90,117,1356,70,0.0974,0.4875,0.5652,0.0192,Z_Scratch
1131,65,127,1360,40,0.1265,0.3394,0.3954,0.0949,K_Scratch
1132,52,125,1686,143,0.1684,0.2642,0.5652,0.0077,Other_Faults
1133,120,141,1650,69,0.3539,0.4396,0.5385,0.0079,Bumps
1134,44,125,1353,70,0.0547,0.5896,0.0821,0.017,Other_Faults
1135,27,142,1400,40,0.0586,0.4094,0.8079,0.1264,K_Scratch
1136,33,141,1400,40,0.0557,0.4171,0.9737,0.1086,K_Scratch
1137,41,141,1402,40,0.0556,0.6246,0.9551,0.1113,K_Scratch
1138,192,207,1387,40,0.9185,0.3131,0.6111,0.013,K_Scratch
1139,82,111,1366,80,0.4158,0.5318,0.5714,0.0154,Bumps
1140,39,126,1358,40,0.0574,0.4595,0.3815,0.1274,K_Scratch
1141,90,117,1362,70,0.0161,0.3636,0.7273,0.0059,Other_Faults
1142,96,111,1376,40,0.1119,0.5295,0.5946,0.0269,Other_Faults
1143,47,124,1356,40,0.0575,0.4029,0.4387,0.1143,K_Scratch
1144,38,124,1358,40,0.0574,0.4285,0.3815,0.1274,K_Scratch
1145,78,109,1690,60,0.0284,0.254,0.6429,0.0053,Bumps
1146,117,140,1372,40,0.3119,0.4958,0.8235,0.0102,Other_Faults
1147,23,199,1687,150,0.4896,0.339,0.0795,0.0196,Pastry
1148,97,134,1356,40,0.646,0.3278,0.45,0.0066,Bumps
1149,116,135,1358,40,0.1782,0.6234,0.4211,0.028,K_Scratch
1150,97,133,1650,70,0.9236,0.3455,0.9091,0.0067,Other_Faults
1151,77,167,1692,70,0.0284,0.2042,0.009,0.1968,Other_Faults
1152,96,118,1354,70,0.2024,0.3544,0.7895,0.014,Z_Scratch
1153,112,132,1352,40,0.0296,0.2525,0.0909,0.0022,Other_Faults
1154,25,143,1400,40,0.0557,0.4881,0.9444,0.1336,K_Scratch
1155,87,135,1690,150,0.6166,0.175,0.8,0.0059,Other_Faults
1156,80,110,1352,70,0.0266,0.382,0.6087,0.0104,Z_Scratch
1157,40,86,1692,70,0.0047,0.2639,0.5,0.0036,Other_Faults
1158,111,127,1373,40,0.0189,0.412,0.6667,0.0087,Other_Faults
1159,116,140,1358,40,0.1414,0.6186,0.9157,0.056,K_Scratch
1160,161,183,1387,40,0.7541,0.2083,0.8889,0.0058,K_Scratch
1161,68,124,1686,70,0.2835,0.475,0.3284,0.0391,Other_Faults
1162,41,95,1364,200,0.1085,0.2715,0.7647,0.0095,Other_Faults
1163,115,135,1358,40,0.1915,0.5314,0.9355,0.0427,K_Scratch
1164,80,116,1692,143,0.5272,0.2857,0.8571,0.0041,Pastry
1165,121,142,1360,100,0.4632,0.6282,0.4615,0.0191,Bumps
1166,108,148,1354,70,0.0384,0.2679,0.7,0.0103,Z_Scratch
1167,96,119,1353,70,0.2675,0.563,0.4857,0.0126,Other_Faults
1168,107,127,1354,70,0.1536,0.4417,0.8333,0.0089,Other_Faults
1169,96,126,1698,60,0.8799,0.1932,0.7273,0.0065,Other_Faults
1170,40,124,1358,40,0.0604,0.4516,0.3785,0.1303,K_Scratch
1171,68,127,1688,70,0.7618,0.3155,0.8571,0.0083,Bumps
1172,115,140,1356,70,0.2625,0.4737,0.6842,0.014,Z_Scratch
1173,103,127,1353,185,0.2528,0.25,0.8571,0.0089,Other_Faults
1174,113,140,1352,70,0.2323,0.4417,0.8333,0.0074,Z_Scratch
1175,86,126,1358,300,0.3756,0.4667,0.5556,0.0132,Other_Faults
1176,51,109,1690,60,0.0154,0.219,0.1667,0.0065,Pastry
1177,71,93,1692,300,0.3061,0.4988,0.2973,0.0065,Other_Faults
1178,131,151,1364,120,0.2786,0.5449,0.9231,0.0088,Other_Faults
1179,97,126,1666,40,0.97,0.2427,0.4706,0.0048,Pastry
1180,150,180,1387,40,0.6532,0.2424,0.8182,0.0065,K_Scratch
1181,26,143,1402,40,0.0556,0.5824,0.9302,0.1227,K_Scratch
1182,89,132,1353,185,0.3622,0.1723,0.8235,0.0104,Other_Faults
1183,122,142,1354,50,0.8612,0.5278,1.0,0.0044,Stains
1184,117,150,1694,80,0.3353,0.7018,0.7083,0.0301,Bumps
1185,14,87,1692,70,0.0047,0.3864,0.9167,0.0065,Other_Faults
1186,92,190,1692,70,0.6773,0.3333,0.0938,0.0189,Other_Faults
1187,59,126,1686,70,0.9324,0.2045,0.9167,0.0071,Bumps
1188,28,126,1364,80,0.6613,0.4573,0.0393,0.0103,Pastry
1189,86,124,1360,300,0.45,0.6919,0.6111,0.0132,Other_Faults
1190,93,119,1350,70,0.6785,0.6703,0.4426,0.0452,Other_Faults
1191,56,118,1656,80,0.2101,0.2899,0.6522,0.0091,Bumps
1192,102,141,1692,143,0.9834,0.5347,0.5625,0.0095,Other_Faults
1193,119,148,1694,80,0.3459,0.6429,0.75,0.0124,Bumps
1194,105,126,1356,70,0.7463,0.4551,0.5417,0.0096,Z_Scratch
1195,90,110,1692,300,0.2991,0.5644,0.72,0.0106,Other_Faults
1196,104,132,1710,100,0.1474,0.4978,0.9259,0.0158,Other_Faults
1197,190,207,1353,200,0.2779,0.4545,0.6364,0.0081,Other_Faults
1198,104,126,1362,40,0.0308,0.5497,0.9231,0.0191,Other_Faults
1199,40,125,1358,40,0.0604,0.4932,0.3837,0.1267,K_Scratch
1200,192,212,1353,100,0.507,0.5185,0.3,0.0222,Other_Faults
1201,89,103,1692,300,0.2801,0.4267,0.4286,0.0089,Other_Faults
1202,89,110,1360,80,0.6162,0.3158,0.2105,0.014,Other_Faults
1203,84,127,1690,60,0.8793,0.3889,0.75,0.0071,Bumps
1204,113,135,1358,40,0.1443,0.5898,0.8831,0.0501,K_Scratch
1205,116,128,1602,40,0.4657,0.3636,0.9546,0.0137,Other_Faults
1206,43,125,1358,40,0.0604,0.4934,0.3743,0.1259,K_Scratch
1207,159,181,1387,40,0.6417,0.2121,0.5454,0.0043,K_Scratch
1208,49,109,1364,100,0.1261,0.2622,0.5909,0.0095,Pastry
1209,91,112,1648,80,0.8277,0.3162,0.6923,0.0055,Bumps
1210,109,140,1354,70,0.2142,0.625,0.8571,0.0103,Z_Scratch
1211,71,101,1656,100,0.0459,0.2222,0.8889,0.0048,Pastry
1212,114,134,1358,40,0.1856,0.6139,0.3784,0.0272,K_Scratch
1213,30,133,1688,70,0.154,0.3889,0.0422,0.0107,Pastry
1214,114,143,1668,100,0.9269,0.4313,0.4643,0.0168,Other_Faults
1215,100,165,1690,70,0.0746,0.3333,0.1035,0.0172,Other_Faults
1216,42,126,1356,40,0.0546,0.4562,0.3771,0.1291,K_Scratch
1217,120,134,1362,40,0.1542,0.4833,0.75,0.0147,Z_Scratch
1218,112,142,1658,143,0.6972,0.6818,0.8636,0.0133,Other_Faults
1219,43,124,1356,40,0.0605,0.4709,0.4235,0.1254,K_Scratch
1220,86,118,1692,60,0.9196,0.2778,0.5,0.0036,Bumps
1221,81,126,1698,90,0.1508,0.4063,0.4688,0.0088,Pastry
1222,105,125,1322,40,0.1029,0.2963,0.4286,0.0068,Bumps
1223,43,125,1356,40,0.0605,0.4572,0.3669,0.1246,K_Scratch
1224,66,127,1360,40,0.1309,0.3685,0.3828,0.0941,K_Scratch
1225,77,127,1698,90,0.0118,0.4089,0.375,0.0071,Pastry
1226,100,132,1353,120,0.0739,0.6281,0.2838,0.0155,Dirtiness
1227,100,127,1650,69,0.4327,0.4271,0.3333,0.0049,Bumps
1228,43,134,1358,40,0.0604,0.5253,0.4651,0.1267,K_Scratch
1229,101,133,1364,100,0.9135,0.3251,0.1111,0.0066,Dirtiness
1230,55,124,1356,40,0.0575,0.3912,0.414,0.1158,K_Scratch
1231,95,166,1692,70,0.0721,0.2917,0.0938,0.0189,Other_Faults
1232,125,143,1378,40,0.8331,0.4844,0.3333,0.0174,Other_Faults
1233,63,124,1652,69,0.8111,0.3536,0.6522,0.0091,Bumps
1234,4,140,1374,40,0.1106,0.4945,0.0931,0.0255,Other_Faults
1235,41,124,1358,40,0.0604,0.4433,0.3815,0.1274,K_Scratch
1236,70,103,1387,40,0.0779,0.3794,0.3958,0.0137,K_Scratch
1237,84,125,1352,80,0.9083,0.3,0.8333,0.0089,Bumps
1238,109,126,1358,40,0.3373,0.5256,0.1539,0.0287,Other_Faults
1239,80,124,1360,300,0.3853,0.4593,0.6,0.0066,Other_Faults
1240,46,108,1632,125,0.049,0.305,0.2281,0.008,Pastry
1241,41,126,1362,40,0.0705,0.3564,0.3721,0.0947,K_Scratch
1242,91,126,1358,40,0.8203,0.3077,0.4483,0.0096,Pastry
1243,120,143,1362,100,0.2335,0.6571,0.4,0.0257,Bumps
1244,92,134,1690,150,0.3609,0.2917,0.8889,0.0047,Bumps
1245,119,135,1376,40,0.4433,0.5238,0.8571,0.0153,Other_Faults
1246,36,126,1358,40,0.0633,0.4422,0.3988,0.1237,K_Scratch
1247,156,180,1387,40,0.6518,0.3636,0.8182,0.0065,K_Scratch
1248,101,132,1364,80,0.3827,0.3618,0.8421,0.0117,Bumps
1249,120,140,1400,40,0.1271,0.5601,0.8857,0.0443,K_Scratch
1250,87,134,1690,60,0.8852,0.2556,0.9,0.0059,Bumps
1251,101,133,1633,250,0.2241,0.448,0.4,0.0061,Other_Faults
1252,101,127,1370,69,0.5839,0.563,0.8095,0.0153,Other_Faults
1253,93,125,1376,40,0.4913,0.3175,0.25,0.0073,Bumps
1254,84,118,1356,70,0.1254,0.2717,0.6956,0.0118,Z_Scratch
1255,54,118,1353,50,0.8234,0.3149,1.0,0.0126,Other_Faults
1256,100,127,1648,80,0.4721,0.3167,0.5333,0.0091,Bumps
1257,42,127,1402,40,0.0585,0.379,0.3608,0.1127,K_Scratch
1258,104,132,1690,60,0.1385,0.3333,0.5833,0.0041,Bumps
1259,90,117,1358,70,0.5258,0.5454,0.5909,0.0096,Z_Scratch
1260,38,141,1402,40,0.0556,0.5176,0.8633,0.1148,K_Scratch
1261,23,94,1698,90,0.0024,0.3373,0.3214,0.0053,Pastry
1262,97,133,1692,60,0.6052,0.2361,0.8889,0.0053,Bumps
1263,73,124,1696,80,0.3962,0.3205,0.9231,0.0071,Bumps
1264,102,143,1360,70,0.0265,0.25,0.2857,0.0059,Pastry
1265,95,119,1356,70,0.5443,0.3554,1.0,0.0081,Z_Scratch
1266,107,150,1687,200,0.0747,0.3801,0.4737,0.0053,Pastry
1267,125,143,1630,100,0.3436,0.5227,0.5454,0.0074,Other_Faults
1268,31,141,1402,40,0.0528,0.5581,0.8722,0.112,K_Scratch
1269,97,150,1690,70,0.9361,0.5318,0.0714,0.0248,Other_Faults
1270,86,109,1354,70,0.0502,0.4788,0.5185,0.0103,Z_Scratch
1271,93,127,1387,40,0.0188,0.3611,0.625,0.0108,Other_Faults
1272,135,158,1353,100,0.3917,0.4569,0.2895,0.0081,Other_Faults
1273,88,132,1356,40,0.7345,0.311,0.5789,0.0081,Bumps
1274,115,132,1360,40,0.7265,0.3194,0.5,0.0044,Other_Faults
1275,96,111,1353,70,0.071,0.2867,0.24,0.0044,Other_Faults
1276,96,126,1372,40,0.5088,0.4231,0.3611,0.0095,Other_Faults
1277,123,140,1398,40,0.0558,0.5215,0.5789,0.0136,K_Scratch
1278,120,149,1650,69,0.4036,0.3462,0.4615,0.0079,Pastry
1279,86,118,1652,70,0.5738,0.4931,1.0,0.0073,Other_Faults
1280,108,127,1690,70,0.3503,0.4483,0.4828,0.0083,Other_Faults
1281,96,127,1356,40,0.1209,0.6086,0.4343,0.073,Other_Faults
1282,103,126,1356,70,0.1165,0.4297,0.5,0.0118,Z_Scratch
1283,99,125,1376,40,0.8619,0.3267,0.6667,0.0073,Bumps
1284,123,141,1372,40,0.5802,0.4626,0.3235,0.008,Other_Faults
1285,82,125,1688,70,0.263,0.3333,0.2813,0.0053,Bumps
1286,99,133,1364,100,0.9106,0.4886,0.1058,0.0081,Dirtiness
1287,59,106,1687,80,0.0,0.4022,0.1177,0.0083,Other_Faults
1288,97,134,1687,200,0.0071,0.2097,0.2581,0.0047,Other_Faults
1289,89,124,1356,200,0.0826,0.5232,0.2048,0.0251,Other_Faults
1290,71,114,1654,80,0.1596,0.3487,0.8235,0.0103,Other_Faults
1291,93,127,1694,60,0.4085,0.2546,0.9091,0.0059,Bumps
1292,114,133,1366,185,0.4129,0.3333,1.0,0.0066,Other_Faults
1293,41,119,1358,40,0.0574,0.4654,0.3652,0.1311,K_Scratch
1294,87,119,1356,40,0.1313,0.411,0.9048,0.0155,Other_Faults
1295,89,111,1354,70,0.7577,0.4803,0.8421,0.0118,Z_Scratch
1296,125,143,1364,40,0.2258,0.5833,0.8,0.011,Other_Faults
1297,101,126,1358,40,0.6333,0.2778,0.8889,0.0059,Bumps
1298,90,124,1710,100,0.6316,0.2222,0.8889,0.0053,Bumps
1299,172,212,1387,40,0.3735,0.2308,0.8667,0.0094,K_Scratch
1300,127,140,1358,50,0.215,0.45,0.4,0.0074,Stains
1301,115,140,1358,40,0.1443,0.646,0.8936,0.0692,K_Scratch
1302,111,132,1358,70,0.2872,0.4107,0.8571,0.0103,Z_Scratch
1303,105,133,1362,175,0.2056,0.3875,0.2667,0.0059,Z_Scratch
1304,39,124,1358,40,0.0604,0.4627,0.4094,0.1259,K_Scratch
1305,77,103,1394,220,0.2984,0.4529,0.2299,0.0143,Other_Faults
1306,84,126,1358,200,0.8012,0.1901,1.0,0.0081,Bumps
1307,83,132,1360,100,0.1103,0.2899,1.0,0.0096,Bumps
1308,55,126,1666,40,0.3613,0.3155,0.8478,0.0234,Other_Faults
1309,111,140,1356,70,0.1755,0.4483,0.2759,0.0059,Z_Scratch
1310,104,135,1354,70,0.1004,0.6764,0.7609,0.0258,Z_Scratch
1311,115,149,1682,143,0.8407,0.4733,0.6667,0.006,Bumps
1312,77,118,1632,100,0.1103,0.2926,0.15,0.0055,Pastry
1313,105,127,1356,40,0.2935,0.4511,0.7368,0.014,Other_Faults
1314,110,134,1358,40,0.5228,0.548,0.1038,0.0781,Other_Faults
1315,92,133,1356,80,0.6696,0.2469,1.0,0.0066,Bumps
1316,87,124,1356,70,0.0619,0.4363,0.7059,0.0125,Z_Scratch
1317,89,134,1698,90,0.8916,0.3278,0.45,0.0053,Pastry
1318,85,165,1688,70,0.0415,0.1875,0.05,0.0237,Other_Faults
1319,128,143,1387,40,0.7772,0.6338,0.8182,0.0159,Other_Faults
1320,110,132,1372,40,0.5583,0.4368,0.5263,0.0073,Other_Faults
1321,104,125,1358,70,0.2121,0.6181,0.5625,0.0066,Z_Scratch
1322,64,103,1654,80,0.0629,0.3647,0.7368,0.0085,Bumps
1323,44,127,1358,40,0.0574,0.4495,0.339,0.1303,K_Scratch
1324,82,132,1356,80,0.6313,0.2,0.9,0.0066,Bumps
1325,70,124,1632,100,0.6777,0.2143,0.9333,0.0086,Bumps
1326,90,119,1392,220,0.1825,0.5226,0.1274,0.0144,Other_Faults
1327,65,119,1690,60,0.8639,0.3141,0.9231,0.0077,Bumps
1328,97,143,1358,70,0.028,0.4915,0.3462,0.0066,Pastry
1329,55,125,1353,70,0.0177,0.3162,0.3077,0.0089,Pastry
1330,105,127,1354,40,0.712,0.3929,0.5714,0.0059,Bumps
1331,47,126,1666,40,0.9808,0.6708,0.1566,0.0156,Pastry
1332,48,132,1364,70,0.305,0.2589,0.9565,0.0161,Bumps
1333,92,140,1360,175,0.2485,0.34,0.6667,0.0074,Other_Faults
1334,160,182,1353,200,0.1183,0.4211,0.7692,0.0192,Other_Faults
1335,113,143,1394,220,0.1621,0.676,0.2273,0.0287,Other_Faults
1336,105,124,1387,40,0.0216,0.5913,0.8947,0.0123,Other_Faults
1337,86,111,1692,300,0.2884,0.3707,0.3954,0.01,Other_Faults
1338,39,127,1358,40,0.0633,0.4272,0.3714,0.1289,K_Scratch
1339,102,134,1354,40,0.1876,0.4188,0.6923,0.0066,Other_Faults
1340,90,125,1352,70,0.071,0.4396,0.6191,0.0096,Z_Scratch
1341,88,109,1692,70,0.0532,0.3333,0.8182,0.0053,Bumps
1342,102,132,1360,40,0.7882,0.3214,0.7,0.0103,Other_Faults
1343,82,127,1690,60,0.7385,0.4159,0.7143,0.0089,Bumps
1344,23,141,1400,40,0.0586,0.4373,0.9895,0.1364,K_Scratch
1345,37,124,1358,40,0.0633,0.4306,0.3886,0.1289,K_Scratch
1346,99,127,1687,200,0.0,0.325,0.2286,0.0047,Other_Faults
1347,110,127,1356,40,0.559,0.4491,0.2963,0.0199,Other_Faults
1348,71,116,1687,200,0.0024,0.3889,0.45,0.0053,Other_Faults
1349,99,127,1358,50,0.7393,0.25,1.0,0.003,Stains
1350,81,108,1364,80,0.4164,0.6094,0.8,0.0147,Bumps
1351,48,126,1650,69,0.7939,0.2734,1.0,0.0103,Other_Faults
1352,39,119,1356,40,0.0575,0.4577,0.4035,0.1261,K_Scratch
1353,80,124,1700,90,0.1376,0.2982,0.2667,0.0071,Pastry
1354,53,135,1400,40,0.0557,0.416,0.4927,0.0986,K_Scratch
1355,43,125,1358,40,0.0604,0.4291,0.3373,0.1244,K_Scratch
1356,123,150,1650,69,0.2461,0.4795,0.4737,0.0115,Bumps
1357,95,125,1656,80,0.9203,0.224,0.75,0.0072,Other_Faults
1358,91,135,1690,60,0.4355,0.2333,0.8,0.0071,Bumps
1359,100,119,1356,70,0.3658,0.5893,0.8571,0.0103,Z_Scratch
1360,25,142,1396,40,0.053,0.518,0.9945,0.1297,K_Scratch
1361,68,125,1354,50,0.1418,0.2593,0.3714,0.0096,Pastry
1362,78,132,1652,100,0.6937,0.2525,0.8182,0.0055,Other_Faults
1363,84,109,1333,40,0.0345,0.4276,0.2727,0.0068,Other_Faults
1364,6,148,1353,70,0.3089,0.329,0.1913,0.0259,Other_Faults
1365,120,141,1366,185,0.4436,0.6222,0.5556,0.0073,Other_Faults
1366,93,130,1707,100,0.0445,0.1439,0.9167,0.0064,Bumps
1367,61,127,1686,70,0.7094,0.2056,0.8,0.0089,Bumps
1368,23,140,1378,40,0.0014,0.489,0.494,0.1807,K_Scratch
1369,48,124,1358,40,0.0604,0.413,0.3829,0.1289,K_Scratch
1370,92,141,1364,100,0.9106,0.5046,0.0736,0.0088,Dirtiness
1371,91,133,1692,60,0.3806,0.3769,0.7692,0.0077,Bumps
1372,42,140,1402,40,0.0613,0.6144,0.8772,0.107,K_Scratch
1373,65,111,1364,200,0.2258,0.3222,0.8,0.0088,Bumps
1374,101,134,1358,40,0.2813,0.5582,0.2892,0.0611,Bumps
1375,78,116,1362,120,0.9706,0.2159,0.7273,0.0059,Bumps
1376,110,135,1694,143,0.3743,0.25,0.8,0.003,Other_Faults
1377,100,119,1353,185,0.2055,0.33,0.32,0.0059,Other_Faults
1378,127,140,1360,50,0.2485,0.4167,0.5,0.0088,Stains
1379,109,133,1358,175,0.19,0.583,0.6364,0.0243,Other_Faults
1380,96,134,1687,200,0.0047,0.3604,0.2432,0.0053,Other_Faults
1381,113,132,1374,40,0.5429,0.3925,0.3333,0.0095,Other_Faults
1382,123,143,1360,40,0.5397,0.6414,0.3273,0.0404,Other_Faults
1383,115,156,1694,80,0.1901,0.7126,0.6667,0.0921,Bumps
1384,81,111,1360,100,0.95,0.2429,0.7,0.0052,Pastry
1385,132,143,1374,40,0.4949,0.4211,0.2632,0.0138,Other_Faults
1386,119,143,1364,100,0.2742,0.5526,0.8421,0.0117,Bumps
1387,104,124,1692,70,0.26,0.4,0.9,0.0053,Other_Faults
1388,88,117,1687,100,0.914,0.3788,0.5454,0.0065,Other_Faults
1389,113,140,1358,70,0.1738,0.6078,0.7059,0.0125,Other_Faults
1390,43,124,1356,40,0.0605,0.4498,0.3588,0.1254,K_Scratch
1391,45,127,1358,40,0.0574,0.468,0.3785,0.1303,K_Scratch
1392,106,125,1366,100,0.9048,0.3182,0.3182,0.0051,Dirtiness
1393,106,126,1360,40,0.5809,0.3274,0.1458,0.0353,Other_Faults
1394,115,140,1666,40,0.6483,0.3452,0.7619,0.0096,Bumps
1395,41,125,1356,40,0.0575,0.4636,0.3931,0.1276,K_Scratch
1396,87,132,1688,70,0.8566,0.1136,0.7273,0.0065,Bumps
1397,136,156,1696,85,0.8502,0.4273,0.9091,0.0059,Bumps
1398,0,37,1650,69,0.5867,0.6763,0.7606,0.043,Other_Faults
1399,111,134,1372,40,0.5204,0.624,0.7241,0.0153,Other_Faults
1400,161,181,1353,200,0.5041,0.5257,0.28,0.0052,Other_Faults
1401,95,117,1362,40,0.1703,0.3214,0.3214,0.0066,Other_Faults
1402,80,116,1358,300,0.539,0.6373,0.7059,0.0088,Other_Faults
1403,119,141,1360,40,0.3662,0.3906,0.5714,0.0206,Other_Faults
1404,97,132,1354,70,0.0443,0.5714,0.6429,0.0066,Z_Scratch
1405,67,100,1688,60,0.1659,0.375,1.0,0.0071,Pastry
1406,63,111,1692,300,0.2825,0.6026,0.4754,0.0171,Other_Faults
1407,70,127,1308,40,0.1239,0.2657,0.5909,0.0099,Bumps
1408,63,95,1654,100,0.0931,0.3576,0.7333,0.0066,Other_Faults
1409,67,116,1690,70,0.0544,0.3155,0.8571,0.0083,Bumps
1410,77,125,1696,90,0.125,0.5507,0.1739,0.0071,Pastry
1411,36,141,1400,40,0.0557,0.5084,0.9745,0.1093,K_Scratch
1412,6,119,1387,40,0.5292,0.2957,0.5616,0.0526,K_Scratch
1413,56,94,1687,80,0.0,0.4993,0.0968,0.0071,Other_Faults
1414,42,135,1404,40,0.0556,0.4618,0.483,0.1047,K_Scratch
1415,105,132,1360,40,0.6794,0.375,0.4167,0.0074,Other_Faults
1416,97,117,1652,70,0.0787,0.3333,0.2083,0.0145,Other_Faults
1417,112,143,1396,220,0.7736,0.6541,0.1729,0.0165,Other_Faults
1418,96,132,1690,60,0.5325,0.4167,0.381,0.0047,Pastry
1419,115,140,1362,40,0.3965,0.5176,0.7097,0.0228,Other_Faults
1420,101,127,1362,40,0.8943,0.3526,0.9231,0.0088,Bumps
1421,27,141,1400,40,0.0557,0.5101,0.9048,0.1086,K_Scratch
1422,115,135,1352,40,0.0651,0.3391,0.2069,0.0044,Dirtiness
1423,101,133,1362,175,0.5609,0.3148,0.375,0.0066,Other_Faults
1424,88,119,1692,300,0.1064,0.5605,0.3061,0.0089,Other_Faults
1425,73,116,1360,300,0.7,0.7341,0.54,0.0368,Other_Faults
1426,122,140,1360,40,0.3015,0.5667,0.4,0.0221,Z_Scratch
1427,54,93,1687,80,0.0581,0.1973,0.7059,0.0142,K_Scratch
1428,104,149,1376,40,0.1439,0.375,0.1333,0.0218,Other_Faults
1429,95,125,1356,70,0.705,0.6635,0.7353,0.0251,Z_Scratch
1430,50,126,1694,80,0.9008,0.3456,0.9412,0.01,Bumps
1431,105,132,1356,40,0.3024,0.3333,0.6429,0.0066,Bumps
1432,86,111,1688,60,0.1765,0.4018,0.5714,0.0047,Bumps
1433,116,143,1687,100,0.1885,0.25,0.8889,0.0053,Other_Faults
1434,106,127,1356,40,0.1475,0.2222,0.2778,0.0037,Pastry
1435,54,190,1227,40,0.0782,0.0368,0.0294,0.0554,Other_Faults
1436,36,140,1402,40,0.0585,0.5282,0.9197,0.1063,K_Scratch
1437,77,135,1353,70,0.2395,0.4676,0.1408,0.0074,Pastry
1438,88,119,1372,40,0.5321,0.3599,0.1956,0.0066,Other_Faults
1439,104,127,1692,70,0.0827,0.6904,0.1588,0.016,Other_Faults
1440,104,127,1648,80,0.301,0.3571,0.5,0.0043,Bumps
1441,114,148,1358,50,0.8026,0.5,0.5,0.0059,Stains
1442,22,143,1400,40,0.0586,0.4924,0.9558,0.1293,K_Scratch
1443,55,141,1400,40,0.0557,0.4915,0.5743,0.1057,K_Scratch
1444,68,127,1358,40,0.1001,0.399,0.3841,0.1016,K_Scratch
1445,77,109,1692,60,0.0591,0.303,0.8182,0.0053,Bumps
1446,64,93,1694,211,0.0673,0.6044,0.5385,0.0041,Other_Faults
1447,21,143,1398,40,0.0,0.5214,0.9238,0.1595,K_Scratch
1448,114,140,1400,40,0.1071,0.6502,0.7822,0.0564,K_Scratch
1449,86,110,1392,220,0.7831,0.497,0.1972,0.0101,Other_Faults
1450,76,111,1692,70,0.0426,0.4625,0.2528,0.0136,Bumps
1451,93,143,1358,70,0.1193,0.7566,0.8824,0.0994,Z_Scratch
1452,68,124,1373,40,0.3074,0.2392,0.8824,0.0109,K_Scratch
1453,27,143,1398,40,0.0558,0.894,0.2062,0.6209,K_Scratch
1454,92,134,1364,70,0.6701,0.25,0.8,0.0059,Other_Faults
1455,116,140,1648,69,0.2318,0.3248,0.6923,0.0079,Dirtiness
1456,65,94,1658,80,0.0434,0.3216,0.4737,0.0054,Other_Faults
1457,27,110,1362,200,0.0602,0.2807,0.9048,0.0139,Bumps
1458,120,134,1400,40,0.0586,0.4622,0.8235,0.0121,K_Scratch
1459,94,125,1694,90,0.0059,0.3796,0.2963,0.0047,Pastry
1460,112,132,1356,70,0.1578,0.3905,1.0,0.0096,Z_Scratch
1461,29,141,1398,40,0.0558,0.365,0.8268,0.128,K_Scratch
1462,87,134,1358,40,0.6097,0.3151,0.6667,0.0177,K_Scratch
1463,151,175,1353,100,0.1641,0.5364,0.3103,0.0066,Other_Faults
1464,107,126,1358,50,0.4683,0.4,0.6,0.0037,Stains
1465,40,125,1356,40,0.0575,0.473,0.3873,0.1276,K_Scratch
1466,108,133,1356,40,0.6637,0.2057,0.28,0.0052,Other_Faults
1467,86,110,1356,70,0.0236,0.3173,0.6154,0.0059,Z_Scratch
1468,46,125,1356,200,0.8909,0.5436,0.7778,0.031,Bumps
1469,41,124,1356,40,0.0605,0.4871,0.3966,0.132,K_Scratch
1470,88,124,1624,70,0.2512,0.4,1.0,0.0062,Bumps
1471,109,134,1354,70,0.1093,0.4177,0.5882,0.0126,Z_Scratch
1472,77,103,1692,300,0.1111,0.3971,0.7059,0.0071,Other_Faults
1473,110,125,1373,40,0.0277,0.3736,0.9286,0.0102,Other_Faults
1474,80,118,1688,60,0.9443,0.3111,0.9,0.0059,Bumps
1475,78,252,1358,100,0.5302,0.4035,0.0486,0.4698,Other_Faults
1476,119,143,1374,40,0.3945,0.5831,0.4193,0.0095,Other_Faults
1477,43,140,1666,40,0.2893,0.572,0.8561,0.0714,K_Scratch
1478,91,126,1358,40,0.187,0.2738,0.5714,0.0088,Other_Faults
1479,80,118,1374,40,0.5196,0.5706,0.5161,0.0116,Other_Faults
1480,121,140,1600,40,0.4275,0.587,0.6956,0.0144,Other_Faults
1481,36,124,1358,40,0.0574,0.4368,0.3785,0.1303,K_Scratch
1482,33,124,1358,40,0.0574,0.4771,0.4068,0.1303,K_Scratch
1483,11,127,1353,70,0.0,0.3853,0.0537,0.0096,Other_Faults
1484,109,127,1364,50,0.6305,0.707,0.7941,0.0249,Other_Faults
1485,111,133,1354,40,0.0325,0.3421,0.1842,0.0052,Dirtiness
1486,88,124,1698,90,0.1355,0.4024,0.1765,0.0088,Pastry
1487,99,119,1666,40,0.6206,0.4846,0.156,0.0654,Other_Faults
1488,93,127,1692,60,0.8842,0.375,0.8,0.0047,Bumps
1489,98,127,1364,100,0.9106,0.405,0.0982,0.0081,Dirtiness
1490,84,109,1354,40,0.7814,0.516,0.7727,0.0162,Other_Faults
1491,42,126,1358,40,0.0574,0.3975,0.3729,0.1303,K_Scratch
1492,102,123,1350,70,0.117,0.3534,0.3684,0.0052,Other_Faults
1493,102,126,1687,200,0.0047,0.399,0.3077,0.0047,Other_Faults
1494,73,252,1692,80,0.1064,0.5904,0.8293,0.0242,Bumps
1495,45,125,1358,40,0.0574,0.3789,0.4013,0.1156,K_Scratch
1496,104,127,1387,40,0.8724,0.8888,0.9632,0.0944,Other_Faults
1497,78,127,1362,40,0.2188,0.2839,0.375,0.0088,Pastry
1498,89,132,1356,70,0.0369,0.5582,0.3443,0.0155,Z_Scratch
1499,98,111,1358,50,0.8792,0.2381,0.8571,0.0044,Bumps
1500,61,121,1353,70,0.0,0.4897,0.0862,0.0037,Other_Faults
1501,120,140,1374,40,0.4061,0.5236,0.4193,0.0095,Other_Faults
1502,76,102,1652,100,0.9952,0.1868,0.5385,0.0042,Other_Faults
1503,79,116,1358,300,0.4787,0.47,1.0,0.0074,Other_Faults
1504,77,100,1658,100,0.0362,0.3776,0.8461,0.0066,Pastry
1505,35,141,1400,40,0.0557,0.5526,0.993,0.1007,K_Scratch
1506,96,141,1687,200,0.0877,0.3549,0.4444,0.0071,Pastry
1507,101,134,1687,200,0.051,0.4138,0.3103,0.0053,Pastry
1508,104,127,1360,70,0.7118,0.6245,0.6207,0.0213,Z_Scratch
1509,55,97,1360,200,0.0838,0.2969,0.75,0.0088,Pastry
1510,84,133,1373,40,0.9337,0.2391,0.4074,0.008,Other_Faults
1511,38,127,1356,40,0.0605,0.4332,0.3918,0.1261,K_Scratch
1512,98,125,1692,70,0.6785,0.3583,0.5333,0.0047,Other_Faults
1513,101,123,1624,70,0.4938,0.3654,0.6154,0.0049,Bumps
1514,84,117,1394,220,0.6327,0.4326,0.1963,0.0151,Other_Faults
1515,112,133,1364,50,0.6994,0.487,0.8696,0.0147,Other_Faults
1516,40,141,1402,40,0.0556,0.495,0.961,0.1098,K_Scratch
1517,107,125,1364,40,0.0337,0.5278,0.9,0.0147,Other_Faults
1518,116,148,1358,50,0.3034,0.2143,0.5714,0.0052,Stains
1519,125,143,1364,40,0.2669,0.6813,1.0,0.0213,Other_Faults
1520,56,124,1668,40,0.5947,0.2975,0.5741,0.0186,Bumps
1521,110,141,1366,69,0.3002,0.6783,0.4348,0.0168,Other_Faults
1522,85,127,1280,100,0.2344,0.4463,0.2676,0.0148,Other_Faults
1523,111,140,1350,40,0.0341,0.3636,0.8182,0.0067,Other_Faults
1524,101,133,1364,100,0.9135,0.2911,0.18,0.0066,Dirtiness
1525,145,167,1353,100,0.1493,0.4129,0.5454,0.0089,Other_Faults
1526,93,122,1622,70,0.7694,0.0781,1.0,0.0049,Bumps
1527,96,118,1354,40,0.223,0.4658,0.95,0.0148,Other_Faults
1528,72,109,1354,70,0.0473,0.5617,0.4444,0.0089,Z_Scratch
1529,61,94,1362,200,0.9295,0.3317,0.3077,0.0059,Other_Faults
1530,87,134,1628,70,0.441,0.3636,0.9167,0.0068,Bumps
1531,84,117,1352,70,0.1021,0.4491,0.6667,0.0089,Z_Scratch
1532,101,135,1360,175,0.2059,0.5663,0.0962,0.0147,Z_Scratch
1533,80,127,1360,40,0.2912,0.4055,0.7037,0.0199,Other_Faults
1534,126,133,1356,40,0.2802,0.0,0.5,0.0015,K_Scratch
1535,89,124,1368,80,0.8304,0.6061,0.5454,0.0161,Bumps
1536,110,143,1692,143,0.9173,0.4479,0.375,0.0095,Other_Faults
1537,41,125,1358,40,0.0604,0.3973,0.3684,0.1259,K_Scratch
1538,101,126,1358,100,0.0486,0.6004,0.6923,0.0132,Bumps
1539,43,124,1710,100,0.7871,0.3409,0.9091,0.0129,Bumps
1540,104,119,1387,40,0.0216,0.4102,1.0,0.0115,Other_Faults
1541,67,124,1364,200,0.195,0.4653,0.5926,0.0117,Bumps
1542,96,127,1364,100,0.9091,0.3099,0.1183,0.0081,Dirtiness
1543,59,106,1687,80,0.0,0.4206,0.1197,0.0083,Other_Faults
1544,19,150,1402,40,0.0585,0.7906,0.4627,0.296,K_Scratch
1545,123,143,1694,70,0.8855,0.7718,0.5185,0.0319,Other_Faults
1546,102,124,1354,70,0.1581,0.4066,0.5385,0.0096,Z_Scratch
1547,115,141,1360,175,0.5926,0.25,0.5833,0.0052,Bumps
1548,65,150,1688,70,0.7228,0.284,1.0,0.0077,Bumps
1549,111,135,1370,80,0.4599,0.6389,0.6667,0.0131,Other_Faults
1550,91,116,1690,60,0.3621,0.4667,0.5333,0.0047,Other_Faults
1551,44,125,1356,40,0.0605,0.4724,0.3823,0.1254,K_Scratch
1552,66,124,1358,175,0.0648,0.3838,0.3636,0.0088,Other_Faults
1553,95,119,1356,80,0.2979,0.4967,0.5294,0.0125,Other_Faults
1554,38,142,1402,40,0.0585,0.5058,0.9408,0.1084,K_Scratch
1555,101,131,1684,60,0.1532,0.4,0.9091,0.0065,Bumps
1556,45,95,1698,90,0.0071,0.2878,0.1,0.0041,Pastry
1557,88,124,1366,175,0.8975,0.3254,0.3889,0.0051,Other_Faults
1558,81,125,1306,40,0.0291,0.1556,0.6,0.0069,Bumps
1559,41,126,1358,40,0.0604,0.4182,0.3631,0.1237,K_Scratch
1560,67,133,1648,80,0.0255,0.7209,1.0,0.0322,Other_Faults
1561,107,127,1352,40,0.0251,0.2988,0.2069,0.0044,Bumps
1562,84,123,1687,80,0.7647,0.3793,0.2069,0.0036,Pastry
1563,161,182,1387,40,0.6446,0.2571,0.7,0.005,K_Scratch
1564,82,133,1352,70,0.0962,0.4457,0.2932,0.0289,Z_Scratch
1565,71,117,1354,70,0.0576,0.3512,0.2143,0.0089,Z_Scratch
1566,81,126,1352,70,0.0355,0.5695,0.2188,0.0207,Z_Scratch
1567,103,119,1387,40,0.3389,0.3313,0.0491,0.1175,Other_Faults
1568,107,127,1394,120,0.264,0.592,0.5652,0.0093,Other_Faults
1569,91,124,1354,80,0.8479,0.3278,0.5556,0.0074,Bumps
1570,143,174,1387,40,0.2293,0.0278,0.8889,0.0058,K_Scratch
1571,78,111,1654,69,0.075,0.3567,0.3333,0.006,Bumps
1572,63,127,1360,40,0.0603,0.4818,0.3274,0.1235,K_Scratch
1573,35,108,1666,40,0.2581,0.395,0.384,0.075,K_Scratch
1574,119,134,1356,50,0.4439,0.4667,0.8333,0.0044,Stains
1575,125,143,1362,40,0.721,0.6,0.6,0.011,Other_Faults
1576,109,127,1322,40,0.239,0.4095,0.4667,0.0053,Bumps
1577,102,132,1356,70,0.208,0.6189,0.5909,0.0096,Z_Scratch
1578,49,84,1354,70,0.0,0.3342,0.1868,0.0126,Z_Scratch
1579,45,126,1360,40,0.0603,0.3819,0.3427,0.1051,K_Scratch
1580,98,132,1687,70,0.7101,0.3333,0.8889,0.0047,Other_Faults
1581,67,127,1360,40,0.1221,0.4075,0.4118,0.0875,K_Scratch
1582,84,159,1690,70,0.129,0.4479,0.0938,0.0189,Other_Faults
1583,203,220,1387,40,0.8436,0.4388,0.5,0.005,Other_Faults
1584,99,134,1366,80,0.3573,0.415,0.7308,0.0139,Bumps
1585,112,127,1360,40,0.6706,0.3827,1.0,0.0066,Bumps
1586,84,116,1630,100,0.9669,0.3125,0.4,0.0049,Pastry
1587,42,85,1356,70,0.056,0.4926,0.76,0.0184,Z_Scratch
1588,119,143,1360,40,0.35,0.5109,0.5714,0.036,Other_Faults
1589,31,141,1398,40,0.0558,0.4025,0.8324,0.128,K_Scratch
1590,119,141,1360,40,0.7691,0.6042,0.2727,0.0323,Other_Faults
1591,24,133,1356,200,0.3687,0.4444,0.4444,0.0465,Other_Faults
1592,67,127,1692,60,0.9031,0.3128,0.8667,0.0089,Bumps
1593,117,127,1356,50,0.6195,0.4444,0.7778,0.0066,Other_Faults
1594,81,110,1687,80,0.0,0.2706,0.0833,0.0053,Other_Faults
1595,96,116,1360,40,0.4985,0.4386,0.6316,0.014,Other_Faults
1596,87,111,1356,70,0.941,0.5333,0.9375,0.0111,Z_Scratch
1597,69,132,1664,40,0.4351,0.3999,0.4624,0.0258,Bumps
1598,67,125,1356,40,0.0133,0.2798,0.8571,0.0103,Other_Faults
1599,109,148,1692,143,0.7612,0.483,0.3333,0.0124,Other_Faults
1600,68,236,1387,40,0.7426,0.5397,0.1863,0.0137,K_Scratch
1601,46,135,1358,200,0.5184,0.7328,0.7382,0.1723,Other_Faults
1602,109,126,1360,175,0.3559,0.4222,0.36,0.0066,Z_Scratch
1603,123,142,1364,185,0.2346,0.5591,0.4545,0.0073,Other_Faults
1604,69,125,1692,80,0.1324,0.302,0.8824,0.0089,Bumps
1605,105,141,1354,70,0.6824,0.3958,0.7059,0.0177,Z_Scratch
1606,82,101,1353,70,0.0931,0.6088,0.75,0.0155,Other_Faults
1607,65,127,1358,40,0.1252,0.3669,0.4355,0.0913,K_Scratch
1608,87,133,1353,300,0.4804,0.6469,0.2083,0.0443,Other_Faults
1609,40,126,1358,40,0.0604,0.4235,0.3503,0.1303,K_Scratch
1610,82,125,1687,100,0.7445,0.3636,0.9091,0.0059,Other_Faults
1611,38,119,1356,40,0.0605,0.4748,0.3918,0.1261,K_Scratch
1612,90,119,1698,90,0.1272,0.3333,0.3333,0.0065,Pastry
1613,101,133,1364,80,0.4531,0.5849,0.6061,0.0242,Bumps
1614,93,111,1354,70,0.4136,0.404,0.4,0.0185,Z_Scratch
1615,70,118,1356,70,0.0782,0.4772,0.5135,0.028,Z_Scratch
1616,112,149,1360,50,0.85,0.25,1.0,0.0029,Stains
1617,90,117,1688,70,0.9585,0.2182,0.9091,0.0065,Bumps
1618,37,119,1356,40,0.0546,0.4678,0.3943,0.1291,K_Scratch
1619,99,148,1690,70,0.0592,0.2273,0.1364,0.013,Other_Faults
1620,40,124,1358,40,0.0545,0.4644,0.3829,0.1289,K_Scratch
1621,100,132,1364,80,0.39,0.6546,0.9091,0.0147,Bumps
1622,86,135,1353,50,0.6371,0.2874,0.6842,0.0096,Bumps
1623,37,126,1362,40,0.0764,0.3542,0.3853,0.0896,K_Scratch
1624,96,134,1362,80,0.3642,0.5758,0.5152,0.0125,Bumps
1625,27,142,1402,40,0.0556,0.4953,0.9739,0.1091,K_Scratch
1626,109,141,1356,50,0.9144,0.2,0.8,0.0037,Stains
1627,95,134,1688,70,0.2227,0.26,1.0,0.0059,Bumps
1628,107,125,1360,130,0.6,0.325,0.5333,0.0059,Other_Faults
1629,105,132,1324,40,0.8127,0.375,0.8,0.006,Bumps
1630,114,132,1360,100,0.4897,0.6457,0.28,0.0184,Stains
1631,105,133,1698,100,0.6561,0.3333,0.75,0.0035,Bumps
1632,75,101,1356,70,0.1165,0.3333,0.8182,0.0066,Z_Scratch
1633,89,123,1687,80,0.7848,0.175,0.8,0.0047,Other_Faults
1634,92,119,1387,40,0.013,0.2931,0.3448,0.0072,Other_Faults
1635,64,126,1696,90,0.3408,0.2667,0.4,0.0071,Pastry
1636,89,135,1684,70,0.7482,0.3316,0.95,0.0113,Bumps
1637,148,182,1387,40,0.6619,0.1852,0.75,0.0065,K_Scratch
1638,112,140,1692,300,0.1277,0.5556,0.5926,0.0095,Other_Faults
1639,65,122,1687,80,0.6568,0.4514,0.0675,0.0125,Other_Faults
1640,46,86,1356,70,0.0148,0.3864,0.55,0.0081,Z_Scratch
1641,114,140,1354,40,0.2068,0.6352,0.5952,0.031,Other_Faults
1642,80,101,1692,70,0.0366,0.4382,0.3469,0.01,Other_Faults
1643,99,127,1632,100,0.5772,0.2929,0.8182,0.0055,Pastry
1644,92,117,1364,80,0.3431,0.43,0.16,0.0183,Other_Faults
1645,118,141,1370,40,0.8204,0.2917,0.4167,0.0073,Other_Faults
1646,99,110,1360,130,0.6162,0.2857,0.7143,0.0037,Other_Faults
1647,106,133,1358,70,0.6613,0.7306,0.625,0.053,Z_Scratch
1648,38,127,1400,40,0.0586,0.3379,0.3571,0.1,K_Scratch
1649,74,127,1687,200,0.0083,0.1272,0.6316,0.0071,Other_Faults
1650,113,140,1358,50,0.9808,0.4,0.8333,0.0044,Stains
1651,43,127,1358,40,0.0707,0.3818,0.373,0.0928,K_Scratch
1652,109,133,1364,100,0.9003,0.3929,0.5714,0.0059,Dirtiness
1653,96,120,1356,70,0.1711,0.4259,0.3704,0.0074,Z_Scratch
1654,101,142,1618,70,0.178,0.2273,0.7273,0.0049,Other_Faults
1655,33,141,1400,40,0.0586,0.5676,0.8706,0.1057,K_Scratch
1656,78,132,1360,40,0.6456,0.2954,0.9688,0.0235,Bumps
1657,85,133,1694,80,0.4014,0.2197,0.9167,0.0071,Other_Faults
1658,113,135,1358,70,0.5965,0.2828,0.8182,0.0081,Z_Scratch
1659,115,135,1358,40,0.137,0.6823,0.9405,0.0582,K_Scratch
1660,120,150,1358,70,0.0192,0.4531,0.3333,0.0059,Pastry
1661,56,141,1356,200,0.5841,0.3,0.6818,0.0162,Bumps
1662,42,143,1364,120,0.8226,0.4727,0.0638,0.0176,Other_Faults
1663,80,132,1360,130,0.6662,0.2988,0.6207,0.0132,Other_Faults
1664,36,126,1358,40,0.0633,0.4422,0.3988,0.1237,K_Scratch
1665,93,119,1366,80,0.9561,0.5,0.5909,0.0161,Bumps
1666,80,129,1360,150,0.1941,0.4775,0.16,0.0118,Other_Faults
1667,110,135,1354,70,0.2482,0.398,0.1884,0.0096,Z_Scratch
1668,122,143,1360,40,0.1779,0.5755,0.4815,0.0199,Other_Faults
1669,124,143,1362,40,0.1792,0.5602,0.375,0.0176,Other_Faults
1670,87,126,1626,120,0.6839,0.1,0.5333,0.0049,Other_Faults
1671,66,133,1692,70,0.8357,0.2349,0.9167,0.0065,Other_Faults
1672,66,124,1627,40,0.086,0.25,0.4615,0.0074,Pastry
1673,45,125,1358,40,0.0633,0.397,0.4076,0.1156,K_Scratch
1674,87,141,1687,200,0.0202,0.2406,0.3235,0.0065,Pastry
1675,35,141,1402,40,0.0556,0.5048,0.9012,0.1106,K_Scratch
1676,64,140,1400,40,0.1771,0.4121,0.0569,0.0114,Pastry
1677,116,140,1652,69,0.2603,0.3,0.2,0.0121,Dirtiness
1678,112,148,1368,80,0.3319,0.605,0.3793,0.0212,Bumps
1679,79,124,1698,60,0.1602,0.4133,0.4286,0.0088,Other_Faults
1680,88,116,1627,40,0.0455,0.32,0.2,0.0061,Pastry
1681,103,127,1690,60,0.5065,0.4583,0.8333,0.0071,Bumps
1682,82,118,1368,80,0.1213,0.3595,0.9444,0.0124,Bumps
1683,118,141,1396,120,0.2178,0.5255,0.3333,0.01,Other_Faults
1684,48,77,1358,70,0.003,0.3333,0.9,0.0066,Z_Scratch
1685,106,127,1364,175,0.2185,0.5182,0.6842,0.0095,Z_Scratch
1686,23,148,1400,40,0.0,0.4583,0.9289,0.1607,K_Scratch
1687,111,141,1364,100,0.9091,0.6445,0.1478,0.0125,Dirtiness
1688,77,221,1387,40,0.7844,0.5307,0.2712,0.0115,K_Scratch
1689,120,135,1353,70,0.816,0.555,1.0,0.0148,Other_Faults
1690,114,140,1352,40,0.1391,0.3214,0.5833,0.0052,Other_Faults
1691,68,103,1654,70,0.6505,0.4022,0.4839,0.0091,Other_Faults
1692,16,125,1364,70,0.5191,0.4333,0.8319,0.0828,Other_Faults
1693,74,124,1364,80,0.4589,0.3526,0.9231,0.0095,Bumps
1694,91,117,1356,70,0.1195,0.3939,0.8182,0.0066,Z_Scratch
1695,88,132,1356,40,0.3171,0.2689,0.8095,0.0155,Bumps
1696,82,102,1692,300,0.1549,0.7052,0.3846,0.0148,Other_Faults
1697,25,143,1398,40,0.0558,0.5027,0.915,0.1309,K_Scratch
1698,99,126,1353,290,0.7287,0.4413,0.1556,0.0052,Pastry
1699,102,158,1687,150,0.0545,0.2593,0.2222,0.0071,Pastry
1700,115,135,1628,120,0.4865,0.3987,0.9444,0.0104,Bumps
1701,72,93,1692,70,0.0095,0.5083,0.8333,0.0059,Bumps
1702,38,101,1698,90,0.0047,0.3333,0.2333,0.0041,Pastry
1703,41,70,1356,70,0.0,0.4219,0.75,0.0118,Z_Scratch
1704,97,132,1358,40,0.3785,0.3709,0.7188,0.0236,Bumps
1705,106,127,1692,300,0.1336,0.4563,0.8,0.0095,Other_Faults
1706,65,174,1692,70,0.3345,0.152,0.0441,0.0402,Other_Faults
1707,120,135,1358,50,0.4757,0.5758,0.5454,0.0081,Stains
1708,104,142,1620,70,0.5543,0.0714,0.875,0.0049,Other_Faults
1709,72,198,1690,70,0.1657,0.2698,0.0714,0.0248,Other_Faults
1710,81,109,1354,70,0.1108,0.3776,0.5,0.0052,Z_Scratch
1711,90,109,1354,70,0.0192,0.4111,0.9,0.0074,Z_Scratch
1712,89,132,1354,70,0.2127,0.3247,0.2353,0.0148,Z_Scratch
1713,77,122,1353,50,0.2439,0.3385,0.5769,0.0111,Other_Faults
1714,114,150,1694,143,0.8158,0.2763,0.2105,0.0112,Other_Faults
1715,56,151,1690,70,0.0,0.1746,0.1429,0.0124,Other_Faults
1716,80,159,1692,70,0.8475,0.2121,0.1364,0.013,Other_Faults
1717,84,124,1688,60,0.3389,0.2222,0.5,0.0053,Bumps
1718,76,109,1356,70,0.0782,0.5699,0.5833,0.0206,Z_Scratch
1719,107,126,1376,40,0.4026,0.5012,0.5172,0.0109,Other_Faults
1720,85,110,1688,60,0.0853,0.4286,0.875,0.0041,Bumps
1721,86,118,1354,70,0.1211,0.2878,0.3721,0.0118,Z_Scratch
1722,77,133,1688,60,0.1232,0.3611,0.8889,0.0095,Bumps
1723,100,119,1692,70,0.104,0.4495,0.6111,0.0106,Other_Faults
1724,124,141,1358,40,0.9102,0.7524,0.4063,0.0236,Other_Faults
1725,43,124,1358,40,0.0574,0.4668,0.4286,0.1289,K_Scratch
1726,39,127,1402,40,0.0585,0.4014,0.3758,0.1063,K_Scratch
1727,33,84,1354,70,0.0015,0.5006,0.283,0.0111,Z_Scratch
1728,80,156,1690,70,0.0,0.2222,0.1111,0.016,Other_Faults
1729,178,197,1387,40,0.7094,0.4388,1.0,0.0101,Other_Faults
1730,105,135,1362,40,0.301,0.3,0.6,0.0088,Bumps
1731,43,124,1358,40,0.0604,0.4858,0.3778,0.1326,K_Scratch
1732,24,143,1402,40,0.0585,0.4907,0.9282,0.1291,K_Scratch
1733,57,125,1690,70,0.0947,0.3131,0.8148,0.013,Bumps
1734,103,133,1687,200,0.0024,0.306,0.2759,0.0047,Other_Faults
1735,71,125,1353,70,0.1316,0.227,0.4138,0.0089,Other_Faults
1736,70,111,1387,50,0.0707,0.2357,0.3571,0.0072,Pastry
1737,102,164,1690,70,0.7325,0.25,0.05,0.0237,Other_Faults
1738,87,126,1794,80,0.2018,0.2,0.7143,0.0056,Bumps
1739,95,127,1614,200,0.3928,0.6321,0.7143,0.0124,Other_Faults
1740,33,141,1402,40,0.0585,0.8473,0.5511,0.2511,K_Scratch
1741,42,124,1358,40,0.0604,0.4527,0.382,0.1311,K_Scratch
1742,97,119,1687,150,0.5987,0.5562,0.1563,0.0059,Pastry
1743,93,132,1656,80,0.3225,0.2596,0.8125,0.0078,Bumps
1744,73,124,1360,80,0.2794,0.2174,0.3913,0.0066,Bumps
1745,106,132,1376,40,0.4622,0.3232,0.8182,0.0065,Bumps
1746,113,156,1360,80,0.65,0.45,0.0533,0.1103,Other_Faults
1747,91,126,1666,40,0.8812,0.2436,0.7222,0.0078,Bumps
1748,91,151,1356,70,0.0236,0.2441,0.2941,0.0074,Pastry
1749,71,127,1360,40,0.1279,0.3952,0.4193,0.0912,K_Scratch
1750,40,119,1356,40,0.0575,0.451,0.3864,0.1298,K_Scratch
1751,77,101,1360,300,0.3338,0.3818,0.9091,0.0081,Other_Faults
1752,25,142,1398,40,0.0558,0.509,0.9538,0.133,K_Scratch
1753,47,125,1362,40,0.0602,0.3987,0.3688,0.1035,K_Scratch
1754,81,108,1350,70,0.0222,0.2198,0.5385,0.0052,Z_Scratch
1755,83,124,1353,70,0.2143,0.1814,0.5714,0.0236,Other_Faults
1756,123,148,1687,200,0.0889,0.3232,0.2727,0.0053,Pastry
1757,118,140,1360,100,0.3132,0.4286,0.5,0.0103,Other_Faults
1758,26,126,1358,50,0.003,0.4692,0.6027,0.1649,K_Scratch
1759,27,143,1400,40,0.0586,0.5432,0.7667,0.1286,K_Scratch
1760,90,108,1356,70,0.0103,0.5156,0.75,0.0088,Z_Scratch
1761,87,127,1378,40,0.0508,0.3555,0.7391,0.0123,Other_Faults
1762,64,127,1358,40,0.1237,0.3965,0.4,0.0957,K_Scratch
1763,43,125,1356,40,0.0605,0.4008,0.3543,0.1291,K_Scratch
1764,104,133,1694,70,0.6576,0.5324,0.2963,0.0047,Other_Faults
1765,107,134,1358,175,0.19,0.6383,0.5227,0.0324,Other_Faults
1766,119,143,1362,50,0.7797,0.6903,0.9412,0.025,Other_Faults
1767,96,116,1358,40,0.5052,0.4386,0.6316,0.014,Other_Faults
1768,115,135,1358,40,0.1856,0.4818,0.4872,0.0287,K_Scratch
1769,88,133,1360,40,0.8706,0.2742,1.0,0.014,Bumps
1770,107,132,1360,50,0.7603,0.25,0.75,0.0029,Stains
1771,31,143,1402,40,0.0556,0.4084,0.9737,0.1056,K_Scratch
1772,95,124,1690,60,0.7811,0.3723,0.52,0.0148,Bumps
1773,123,143,1360,50,0.3118,0.5357,0.875,0.0059,Stains
1774,127,157,1372,40,0.4898,0.583,0.3192,0.0109,Other_Faults
1775,93,133,1362,175,0.1953,0.6725,0.0612,0.0132,Z_Scratch
1776,53,143,1687,150,0.0877,0.4261,0.0976,0.0095,Pastry
1777,44,127,1358,40,0.0604,0.4317,0.3758,0.1215,K_Scratch
1778,81,117,1698,90,0.0024,0.288,0.3478,0.0047,Other_Faults
1779,75,118,1373,40,0.0131,0.3905,0.1191,0.0036,Other_Faults
1780,73,133,1648,69,0.5886,0.2361,1.0,0.0073,Other_Faults
1781,42,117,1648,80,0.1007,0.4368,0.6333,0.0231,Other_Faults
1782,24,148,1404,40,0.0584,0.5443,0.8809,0.1318,K_Scratch
1783,95,133,1648,80,0.0765,0.2917,0.8333,0.0061,Bumps
1784,97,134,1364,100,0.9164,0.3681,0.1068,0.0081,Dirtiness
1785,95,125,1690,60,0.9231,0.2857,0.6364,0.0041,Pastry
1786,43,125,1356,40,0.0575,0.3622,0.3846,0.115,K_Scratch
1787,123,141,1354,50,0.2289,0.6335,0.3438,0.0236,Other_Faults
1788,115,141,1358,50,0.1458,0.52,1.0,0.0037,Stains
1789,89,129,1652,80,0.8136,0.2778,0.75,0.0055,Other_Faults
1790,93,124,1692,300,0.1265,0.4954,0.5926,0.0095,Other_Faults
1791,24,143,1400,40,0.0586,0.5347,0.8364,0.1279,K_Scratch
1792,95,125,1648,69,0.9284,0.3856,0.2647,0.0055,Pastry
1793,104,141,1358,70,0.0088,0.3889,0.2813,0.0066,Bumps
1794,104,132,1356,40,0.6667,0.375,0.5333,0.0059,Bumps
1795,108,126,1352,40,0.0355,0.3385,0.1923,0.0037,Other_Faults
1796,59,124,1688,70,0.0699,0.3647,0.7826,0.0107,Bumps
1797,84,111,1356,70,0.5678,0.5204,0.7188,0.017,Z_Scratch
1798,79,134,1687,150,0.1067,0.4599,0.1918,0.0083,Pastry
1799,27,141,1402,40,0.0585,0.6021,0.8871,0.1327,K_Scratch
1800,89,140,1632,125,0.3174,0.3104,0.4643,0.008,Pastry
1801,19,120,1715,50,0.0035,0.4677,0.16,0.0233,Other_Faults
1802,107,140,1356,120,0.0354,0.4545,0.9091,0.0148,Other_Faults
1803,72,93,1630,140,0.9411,0.4052,0.9444,0.0104,Other_Faults
1804,102,125,1694,70,0.1688,0.2031,1.0,0.0047,Bumps
1805,104,127,1623,100,0.5373,0.6836,0.5,0.0197,Other_Faults
1806,27,150,1400,40,0.0014,0.5403,0.9955,0.1579,K_Scratch
1807,90,119,1353,120,0.0296,0.459,0.1639,0.0074,Dirtiness
1808,85,119,1650,100,0.4254,0.4889,0.4,0.0073,Pastry
1809,45,125,1360,40,0.0573,0.3995,0.3529,0.1,K_Scratch
1810,114,141,1358,40,0.2047,0.6736,1.0,0.0184,Other_Faults
1811,87,118,1632,100,0.1495,0.2143,0.5833,0.0043,Pastry
1812,0,134,1353,70,0.0,0.5619,0.1435,0.0244,Other_Faults
1813,47,95,1356,70,0.0044,0.4167,0.2857,0.0088,Z_Scratch
1814,103,126,1692,70,0.0768,0.5745,0.6087,0.0083,Other_Faults
1815,100,125,1358,50,0.8395,0.265,0.6923,0.0066,Stains
1816,95,127,1696,60,0.73,0.1806,0.8889,0.0053,Other_Faults
1817,113,141,1710,100,0.3614,0.4952,0.4667,0.0088,Other_Faults
1818,98,124,1354,70,0.3131,0.5571,0.7143,0.0074,Z_Scratch
1819,97,134,1360,100,0.6427,0.6414,0.1319,0.1059,Other_Faults
1820,43,108,1352,70,0.0,0.496,0.0946,0.0274,Z_Scratch
1821,78,101,1360,200,0.4368,0.5577,0.1539,0.0088,Other_Faults
1822,84,119,1690,60,0.845,0.2556,0.9,0.0053,Bumps
1823,43,129,1373,40,0.7123,0.2159,0.7143,0.0109,K_Scratch
1824,100,133,1652,69,0.431,0.3175,0.6429,0.0055,Bumps
1825,41,135,1400,40,0.0557,0.4946,0.5786,0.1,K_Scratch
1826,35,126,1358,40,0.0633,0.4417,0.4286,0.1289,K_Scratch
1827,43,125,1358,40,0.0604,0.3849,0.414,0.1156,K_Scratch
1828,31,140,1402,40,0.0613,0.4634,0.9494,0.107,K_Scratch
1829,111,132,1692,70,0.3913,0.45,0.625,0.0095,Other_Faults
1830,70,86,1394,220,0.7446,0.3416,0.3333,0.0065,Other_Faults
1831,102,127,1648,80,0.699,0.2208,0.6364,0.0043,Bumps
1832,99,125,1364,100,0.9164,0.3172,0.1936,0.0044,Dirtiness
1833,85,116,1686,60,0.2183,0.3846,0.5385,0.0041,Pastry
1834,116,134,1360,50,0.4397,0.525,0.4,0.0074,Stains
1835,37,141,1400,40,0.0586,0.4382,0.9182,0.1043,K_Scratch
1836,112,132,1396,120,0.212,0.6234,0.4706,0.0172,Other_Faults
1837,99,125,1690,70,0.9231,0.3987,0.1628,0.0041,Pastry
1838,129,148,1364,70,0.783,0.4545,0.8461,0.0081,Other_Faults
1839,48,134,1353,70,0.4272,0.2204,0.3514,0.0096,Other_Faults
1840,104,127,1356,70,0.2729,0.5536,0.8571,0.0103,Z_Scratch
1841,29,143,1400,40,0.0557,0.512,0.9102,0.1086,K_Scratch
1842,108,140,1364,100,0.9106,0.4155,0.0863,0.0088,Dirtiness
1843,66,125,1358,40,0.2533,0.3519,0.3548,0.0081,Pastry
1844,47,127,1402,40,0.0556,0.3431,0.3613,0.1106,K_Scratch
1845,84,118,1623,100,0.5089,0.5035,0.8461,0.008,Other_Faults
1846,97,126,1360,100,0.4485,0.2727,0.8461,0.0096,Bumps
1847,34,141,1402,40,0.0613,0.505,0.9321,0.1077,K_Scratch
1848,61,134,1686,70,0.6643,0.3083,0.9375,0.0089,Bumps
1849,167,182,1353,200,0.1936,0.5584,0.6364,0.0052,Other_Faults
1850,96,133,1364,80,0.4223,0.7479,0.7576,0.0242,Bumps
1851,87,119,1356,40,0.1313,0.411,0.9048,0.0155,Other_Faults
1852,119,141,1360,180,0.7456,0.3352,0.9286,0.0103,Other_Faults
1853,87,111,1362,175,0.2364,0.3706,0.4231,0.0081,Z_Scratch
1854,38,124,1358,40,0.0604,0.4086,0.3873,0.1274,K_Scratch
1855,124,143,1364,40,0.5059,0.7059,0.7059,0.0125,Other_Faults
1856,118,140,1360,40,0.1912,0.3862,0.7391,0.0169,Other_Faults
1857,106,125,1373,40,0.0291,0.3471,0.5,0.008,Other_Faults
1858,109,134,1692,60,0.5627,0.301,1.0,0.0083,Other_Faults
1859,58,188,1374,40,0.5546,0.0682,0.0454,0.032,Other_Faults
1860,36,124,1356,40,0.0605,0.4277,0.35,0.1327,K_Scratch
1861,39,140,1404,40,0.0556,0.5876,0.9427,0.1054,K_Scratch
1862,101,126,1360,40,0.8809,0.3333,1.0,0.0066,Other_Faults
1863,106,132,1374,40,0.5313,0.4762,0.2857,0.0087,Other_Faults
1864,114,141,1354,40,0.2171,0.2969,0.5,0.0059,Other_Faults
1865,61,159,1688,70,0.7156,0.4816,0.5313,0.0101,Bumps
1866,76,125,1687,200,0.0071,0.2513,0.6471,0.0065,Other_Faults
1867,86,103,1353,185,0.1035,0.4309,0.1818,0.0074,Other_Faults
1868,99,126,1360,40,0.8471,0.2656,0.75,0.0088,Bumps
1869,87,127,1687,70,0.7718,0.2333,0.9,0.0053,Other_Faults
1870,87,125,1694,80,0.0354,0.4224,0.6087,0.0136,Bumps
1871,64,102,1688,150,0.0107,0.4647,0.5882,0.0059,Other_Faults
1872,43,126,1358,40,0.0604,0.4603,0.3886,0.1289,K_Scratch
1873,104,135,1394,220,0.208,0.6241,0.1275,0.0187,Other_Faults
1874,104,132,1690,60,0.6698,0.4722,0.8889,0.0047,Bumps
1875,66,125,1360,40,0.1838,0.2341,0.5714,0.0088,Other_Faults
1876,104,119,1227,40,0.8835,0.3333,0.4091,0.0179,Bumps
1877,106,141,1358,50,0.7202,0.2,0.8,0.0037,Stains
1878,102,124,1356,70,0.1593,0.5152,0.9167,0.0088,Z_Scratch
1879,93,118,1358,130,0.5243,0.3571,0.7,0.0052,Other_Faults
1880,89,127,1356,40,0.3112,0.4963,0.0396,0.2979,Other_Faults
1881,80,103,1687,80,0.1494,0.3131,0.8182,0.0065,Other_Faults
1882,109,127,1362,40,0.7709,0.4583,0.15,0.0294,Other_Faults
1883,95,125,1692,60,0.7979,0.3383,0.3684,0.0041,Bumps
1884,106,127,1358,100,0.0766,0.449,0.5,0.0052,Other_Faults
1885,118,136,1358,50,0.732,0.5,0.3333,0.0044,Stains
1886,49,132,1688,60,0.0758,0.2868,0.8485,0.0166,Bumps
1887,111,143,1692,143,0.4634,0.416,0.2,0.0148,Other_Faults
1888,68,135,1364,40,0.5719,0.465,0.3846,0.011,Pastry
1889,76,108,1687,80,0.0498,0.2415,0.1818,0.0047,Pastry
1890,107,135,1356,100,0.972,0.5529,0.5185,0.0199,Bumps
1891,195,212,1387,40,0.4182,0.3609,1.0,0.0094,K_Scratch
1892,107,140,1358,50,0.1856,0.3333,1.0,0.0022,Stains
1893,103,127,1687,200,0.4339,0.5292,0.52,0.0154,Bumps
1894,120,134,1400,40,0.2029,0.5117,0.8621,0.0179,K_Scratch
1895,114,141,1694,143,0.8135,0.7273,0.7727,0.013,Other_Faults
1896,82,108,1687,100,0.0842,0.2597,0.6364,0.0065,Other_Faults
1897,101,124,1356,70,0.3835,0.3452,0.5833,0.0088,Z_Scratch
1898,27,142,1400,40,0.0614,0.494,0.9884,0.1221,K_Scratch
1899,110,132,1354,40,0.0325,0.3739,0.1087,0.0037,Dirtiness
1900,39,127,1358,40,0.0604,0.4401,0.3955,0.1303,K_Scratch
1901,49,124,1692,300,0.1088,0.5339,0.4038,0.0124,Other_Faults
1902,68,127,1358,40,0.1164,0.3961,0.3841,0.1016,K_Scratch
1903,91,134,1360,40,0.8147,0.1569,0.7059,0.0088,Bumps
1904,102,134,1688,150,0.3886,0.3265,1.0,0.0041,Other_Faults
1905,40,119,1356,40,0.0575,0.413,0.3855,0.132,K_Scratch
1906,108,127,1690,70,0.1053,0.5469,0.75,0.0071,Other_Faults
1907,100,127,1354,200,0.3442,0.5,0.4545,0.0074,Bumps
1908,79,101,1358,70,0.0192,0.1875,0.5714,0.0059,Z_Scratch
1909,26,143,1400,40,0.0586,0.409,0.9483,0.1243,K_Scratch
1910,73,108,1688,70,0.0261,0.433,0.5435,0.0148,Other_Faults
1911,86,102,1366,185,0.0293,0.4643,0.5714,0.0059,Bumps
1912,35,86,1688,150,0.0047,0.4121,0.3667,0.0065,Other_Faults
1913,40,126,1358,40,0.0574,0.4438,0.3646,0.1333,K_Scratch
1914,96,118,1356,70,0.1224,0.3222,0.9,0.0074,Z_Scratch
1915,48,135,1404,40,0.0556,0.4843,0.5,0.1083,K_Scratch
1916,148,182,1387,40,0.6921,0.0818,0.9091,0.0072,K_Scratch
1917,65,124,1360,200,0.325,0.3972,0.5122,0.0154,Bumps
1918,24,143,1402,40,0.0,0.7499,0.5703,0.2739,K_Scratch
1919,113,128,1362,40,0.0308,0.602,0.8276,0.0176,Other_Faults
1920,119,149,1692,80,0.2305,0.5537,0.5085,0.0177,Bumps
1921,101,151,1687,200,0.0012,0.487,0.1318,0.0101,Other_Faults
1922,118,140,1364,50,0.6906,0.4529,0.5172,0.0213,Other_Faults
1923,91,117,1387,50,0.0735,0.2569,0.2391,0.0079,Bumps
1924,110,132,1352,40,0.0414,0.3036,0.4375,0.0052,Bumps
1925,95,111,1690,70,0.3669,0.3977,0.4737,0.0112,Other_Faults
1926,109,134,1358,40,0.2194,0.5399,0.4118,0.025,K_Scratch
1927,120,141,1358,50,0.1134,0.5938,1.0,0.0059,Stains
1928,102,132,1692,60,0.4468,0.375,0.875,0.0041,Bumps
1929,121,141,1600,40,0.405,0.5489,0.72,0.0156,Other_Faults
1930,117,135,1360,50,0.4456,0.55,0.625,0.0059,Stains
1931,33,127,1373,40,0.7254,0.2007,1.0,0.0124,K_Scratch
1932,35,103,1670,40,0.279,0.3787,0.4286,0.0671,K_Scratch
1933,101,136,1646,80,0.48,0.2083,0.8889,0.0055,Bumps
1934,104,143,1632,200,0.5919,0.5264,0.5172,0.0178,Other_Faults
1935,43,135,1400,40,0.0557,0.4768,0.5,0.1043,K_Scratch
1936,120,134,1358,50,0.4433,0.3438,0.5,0.0059,Stains
1937,158,181,1387,40,0.8003,0.1719,1.0,0.0058,K_Scratch
1938,111,135,1354,40,0.0325,0.4167,0.1389,0.0037,Other_Faults
1939,103,126,1387,40,0.013,0.3269,0.8125,0.0115,Other_Faults
1940,103,156,1358,70,0.0221,0.2222,0.4091,0.0066,Pastry
1941,117,143,1366,40,0.3997,0.624,0.4,0.0183,Other_Faults
1942,105,128,1687,80,0.4564,0.5457,0.56,0.0083,Other_Faults
1943,29,143,1400,40,0.0557,0.4898,0.8216,0.1086,K_Scratch
1944,96,132,1364,100,0.915,0.5947,0.1028,0.0081,Dirtiness
1945,30,141,1400,40,0.0557,0.4562,0.8869,0.1064,K_Scratch
1946,78,134,1648,80,0.307,0.359,0.8077,0.0158,Bumps
1947,56,127,1360,40,0.1177,0.4201,0.4154,0.0956,K_Scratch
1948,121,143,1362,50,0.6417,0.5225,0.9643,0.0206,Other_Faults
1949,100,127,1694,70,0.8442,0.2829,0.4211,0.0047,Pastry
1950,113,143,1394,220,0.1621,0.5757,0.227,0.0301,Other_Faults
1951,93,119,1360,200,0.075,0.5496,0.25,0.0184,Other_Faults
1952,112,134,1650,69,0.0509,0.2451,0.3529,0.0103,Other_Faults
1953,77,126,1356,200,0.9277,0.4427,0.9565,0.0162,Other_Faults
1954,43,124,1358,40,0.0604,0.4325,0.3846,0.1244,K_Scratch
1955,120,151,1650,69,0.177,0.3391,0.2174,0.0139,Bumps
1956,96,132,1624,70,0.7438,0.3818,0.9091,0.0068,Bumps
1957,104,119,1373,40,0.0218,0.5188,0.7368,0.0102,Other_Faults
1958,63,132,1364,40,0.4692,0.3535,0.25,0.0095,Pastry
1959,96,125,1352,70,0.2574,0.4265,0.3922,0.0148,Z_Scratch
1960,41,124,1358,40,0.0604,0.4081,0.3988,0.1237,K_Scratch
